id,title,year,genre,plot,source_url
movie_26417a43bab7a15fd41d,Amundsen,2019,"biographical film, period drama film","Flying in an Arctic storm, elderly Roald Amundsen's plane crashes, stranding him and his companions. Waiting for news while the world assumes he has died, his brother Leon recounts the explorer's life story to Roald's Alaskan lover Bess Magids. As boys, Roald and Leon are enchanted by the unknown poles on a globe. As young men, they pioneer a route through the Northwest Passage. Despite his accomplishments, other explorers still look down upon Roald for showing respect to Inuit. Robert Falcon Scott briefly congratulates him, but would rather talk with politicians. The Amundsens decide to join the race to the North Pole, securing funding by promising to prioritise science over speed. News arrives that Frederick Cook has reached the Pole, an unproven claim that nonetheless dismays Roald. He decides to head for the South Pole instead, but keeps the new plan secret. As he sets sail, he reveals the truth to his crew who all support the change, and a letter is delivered to the King declaring he will eventually make good on his promised scientific expedition to the North. In Antarctica, Amundsen dismisses some of his crew who think his relentless push is reckless. The remainder succeed in reaching the Pole, where they plant a Norwegian flag and leave a courteous note for Scott. Back in Europe, the English lionise the deceased Scott's heroism while Amundsen is considered an ungentlemanly trickster. He is better received in Norway, but his peaceful new life with lover Kiss Bennett is disrupted when he learns he must keep his promise to sail to the North Pole by drifting on ice. Three years into the planned five-year mission, Amundsen abandons his crewmates and travels to Alaska. His new passion is to fly to the Pole, a quixotic and expensive undertaking that enrages his brother. Eventually his plane crashes, apparently bringing the narrative full circle. Amundsen and his copilots build a makeshift runway and manage to return to Norway, to great public acclaim and the relief of Leon and Bess. He refuses to reconcile with Leon, and proposes to Bess. She agrees to marry him only after he reaches the North Pole, which he finally accomplishes on board Umberto Nobile's airship. He publishes an undiplomatic autobiography that further alienates his supporters. Desperate to salvage his reputation, he sets out to rescue Nobile, whose airship has crashed in a storm. Amundsen's plane crashes and it is revealed this is the crash actually depicted in the opening scene. Knowing that this time Roald must have died, Leon smashes the globe they had admired as children.",https://en.wikipedia.org/wiki/Amundsen_(film)
movie_b50a0019c37b92b7d4ed,An Affair to Die For,2019,thriller film,"Holly, a successful professor, travels to Aspen for a rendezvous with her 27-year-old former student and current lover Everett Alan. She puts on the blindfold left for her and chains herself to the headboard of the bed using the handcuffs left for her. She is unaware that the man who next enters the room is her policeman husband Russell Pierpoint, who has sex with her. She enjoys the sex until it becomes too rough but he ignores her pleas to stop and continues, leaving her crying afterwards. In the next room Russell tells Everett, who is bound and gagged, that he is holding Everett's wife Lydia and daughter Jessica hostage, then leaves after instructing Everett to lie to Holly and say that he was the one who just had sex with her. Everett unlocks the handcuffs and Holly berates him for his behavior while she dresses to leave, but Russell calls Everett and instructs him not to let Holly leave. Russell then calls Holly, telling her that Everett is a dangerous man responsible for the disappearance of multiple women and pleading with her to escape somehow. Over the course of the day the two are manipulated by phone to pit them against each other for revenge. Holly slips Dave the bellboy a note that she is in trouble but Russell finds it and sends back Lydia's severed ring finger to Everett as punishment. Russell advises Everett to use pills he has left in the room to drug Holly, but Holly also uses her own supply of pills to drug Everett. Everett whispers to Holly that her husband Russell is holding his wife and daughter hostage and set up the entire encounter, then both fall unconscious from the drugs. Holly wakes to find herself handcuffed to a railing in the room and accuses Everett of being a serial killer, warning him that Russell will bring the police force to stop him. Everett finds Russell beaten and in a wheelchair in the bedroom. Everett releases Holly and they watch Russell die from an injection of an unknown drug. A person with a disguised voice calls them and gives the ultimatum that only one of the two lovers is permitted to check out of the hotel to return to family life. Holly stabs and kills Everett, then receives a call instructing her to microwave the phone to destroy it. She is invited to come to 513 to learn the whole story, but when she arrives she finds a surveillance system monitoring her and Everett's hotel room as well and discovers Everett's wife Lydia bound and blindfolded in the bathtub with her ring finger missing. Holly unties her and checks the contents of a memory card hidden away by Everett before his death, revealing that Lydia was involved in the plot. Lydia enters and confesses that she killed Everett's other two lovers, then grabs the memory card, breaks it, and flushes it down the toilet. Holly smashes a glass vase over Lydia's head, killing her as two security guards force their way into the room and demand that she surrender.",https://en.wikipedia.org/wiki/An_Affair_to_Die_For
movie_bcd130c436942ac6c2e6,Beanpole,2019,"drama film, historical drama","At the end of the Second World War, Iya Sergeyevna, a tall woman nicknamed ""Beanpole"" (Дылда), works as a nurse in a Leningrad hospital under Dr. Nikolai Ivanovich. Iya sometimes has fits where she is temporarily immobile, just slightly trembling. She lives in a communal apartment with Pashka, a diminutive three-year-old boy. One day, Iya accidentally smothers the child to death while suffering an episode. Days later, Masha arrives at Iya's room, returning in uniform from the front, and asks where her son Pashka is. Bitter about his death, yet seemingly unfazed, Masha invites Iya out dancing. They accept the invitation to go with a man Sasha and his friend in their car. Masha orders Iya out of the car to go on a ""walk"" with Sasha's friend so Masha can have sex with the very bashful Sasha. Iya attacks Sasha's friend when he attempts to seduce her, and beats Sasha over the head when she finds him having sex with Masha. The next day while at a communal bath, Iya notices Masha's abdominal scar, and Masha tells her that she wants to have a child to heal herself. Masha begins work at the hospital, telling Dr. Ivanovich that she and Iya served together in an anti-aircraft gun crew, but Iya was discharged after suffering a traumatic head injury, while Masha continued serving in the army. Shortly afterwards, the wife of Stepan, a paralyzed soldier, arrives at the hospital to find her husband alive, despite having already told her children that he was killed at war. Stepan cannot bear the idea of returning to his children as a quadriplegic. Alongside his wife, they beg Nikolai Ivanovich to euthanize him. Nikolai is at first extremely opposed to the idea, but eventually relents, asking Iya to do the task and indicating it will be the ""last time"". Iya hesitantly agrees and during one night injects Stepan. Masha, on night watch and lying down due to suffering from fatigue due to the war, watches Iya and Stepan. Afterward Dr. Ivanovich examines Masha and confirms her infertility. Masha ask Iya to bear a child that would be Masha's. When Iya vehemently refuses, Masha reminds her that she ""owes"" her a child after she let Pashka die in her care. At a party, Masha asks Dr. Ivanovich to impregnate Iya; he refuses, but she blackmails him, threatening to make public the euthanasia. Masha says she doesn't care if Iya is also exposed. Later in their room, Iya insists Masha lie against her in bed, while the doctor penetrates Iya, who cries and is distraught. Masha continues to see Sasha afterwards, frustrating Iya, who is confused and jealous. Iya finds out she is not pregnant. While trying on a dress for their seamstress neighbor, Masha twirls frantically and frenetically over and over and over. Iya calms Masha by kissing her. Masha initially fights her off but Iya suffers an episode, during which Masha kisses her strongly in return. Later, after an argument in which Iya orders Sasha to stop coming to their apartment with food, Sasha invites Masha to meet his parents. Iya walks to Dr. Ivanovich's house and tearfully asks him to impregnate her. He declines, but invites her to come with him and leave the city tomorrow. Masha visits Sasha's parents at their large, posh estate, where Sasha introduces her as his girlfriend, soon to be wife, but Masha receives a very cold response. The mother judges Masha for having served as an ""army base wife"" (Походно-полевая жена). Masha intentionally misled Sasha's mother by saying that she lived temporarily with different soldiers, who were capable of providing for and protecting her. Masha ""reveals"" that her abdominal scar was not caused by a combat shrapnel injury as she had earlier described to the doctor, but by many abortions. Her comment was a stereotype of what civilians thought about fighting women during the war - not respecting those women's sacrifice and heroism. She says what those people could believe in, instead of the truth. She asserts that Sasha loves her, and they will have a child, given to them from her friend. The mother warns Masha that Sasha would become bored with her and discard her. Sasha, enraged, storms out of the room, and Masha rides the tram home alone. On the way home, Masha's tram hits a tall woman. Masha is unable to recognize the woman dead underneath the tram, and runs home to find Iya having an episode. Iya reveals she is not actually pregnant. Masha begins hitting her, but stops. Masha promises Iya that Sasha won't be coming around any more, and that they will be together from now on, will have a good life and raise a healthy child together, who will resemble both mothers, and will cure them from all pain they have carried until now. The two weep together in an embrace.",https://en.wikipedia.org/wiki/Beanpole_(film)
movie_a1dfd37d570ea4eb395c,Bibaho Obhijaan,2019,comedy film,"Two close friends Anupam and Rajat decide to marry. Rajat marries Maya who is always busy in performing religious rituals or watching trash tele serials whereas Anupam marries Rai, a women's activist and social worker. Later, they become frustrated with their married life. So both of them decided to travel to Darjeeling via Tarapith for getting some peace by lie to their respective wives they are on business trip to Puri. On their road journey their bus gets hijacked by dacoits named Bullet Singh whose real name is Ganesh Maity, a village boy, loves village girl Malati but cannot express his feelings. In an attempt to impress her, he turns into a dacoit named Bullet Singh. Anupam and Rajat somehow manage to escape from Bullet but end up landing in a brothel where police suddenly raid the area and mistake them as prostitutes, and this time also they manage to escape but end up returning to Bullet Singh, who later explain his love for Malti. Their respective wives get to know their whereabouts and come to bring them back disguised as reporters. After much comical situation Anupam screams in anger, and he reveals that he wants some peace in his life as both of them are very frustrated. After hearing their husbands' story both the wives realise how badly they have controlled and irritated them, at last they apologise to each other and travel on a road trip. Meanwhile Bullet Singh also gets arrested but with Malti who has decided to stay with him in prison.",https://en.wikipedia.org/wiki/Bibaho_Obhijaan
movie_30b1d68306d3ff1b8301,Bring Me Home,2019,drama film,"Jung-yeon (Lee Young-ae) has been searching relentlessly for her son since he disappeared six years ago. One day, she suddenly receives an anonymous tip-off about his whereabouts that leads her to a fishing village. However, the villagers say they have never seen a child similar to the police officer Hong Kyung-jang (Yoo Jae-myung), who seems to be wary of her appearance. Jung-yeon, who senses that they are hiding something, does not give up and begins to search for the truth.",https://en.wikipedia.org/wiki/Bring_Me_Home_(film)
movie_12b92325b407a2489ada,"Bu, Kasih Suci",2019,drama film,"Three mothers from different background: Aishah (Nadiya Nisaa), a repressed housewife who feels estranged from her doctor husband Norman (Rashidi Ishak) and their teenage daughter Julie (Tia Sarah) as both are seldom at home, one busy with career, another with friends. Meanwhile, Norimah (Nadia Brian), a woman who finally gets pregnant after years of trying. She is supportive when her husband Hafiz (Remy Ishak) dream to become novelist. Then there is Diana (Mawar Rashid) who decides to postpone having children so she can focus on career, her husband Zack (Iedil Putra) agrees, although it upsets her mother-in-law Kak Mah (Dian P. Ramlee) who hopes to have grandchildren sooner. Zack also has financial problems with his own company. When a car accident strikes, the lives of three women and their families collide, can the power of a mother's love prevail and how much they are willing to sacrifice for their children?","https://en.wikipedia.org/wiki/Bu,_Kasih_Suci"
movie_79a3cb8afd23fe1af088,Clemency,2019,drama film,"Warden Bernadine Williams oversees the execution of inmate Victor Jimenez alongside the prison chaplain David Kendricks. The attending medical officer fails to find an adequate arm vein and begins to panic. Bernadine gives the medical officer permission to use the femoral vein. The execution goes awry, and Victor writhes on the table before his heart finally stops. One of Bernadine's inmates is Anthony Woods, a quiet man who continues to maintain his innocence and refuses to talk to Bernadine when she visits his cell on death row. Bernadine is well acquainted with Anthony's lawyer, Marty, who has been fighting to free his client for the past seven years. Bernadine learns through Marty that Anthony has lost his final appeal. She begins to make preparations for his death. At home, Bernadine suffers from insomnia and recurring nightmares. While she maintains an outwardly calm and professional appearance, she struggles emotionally, drinking heavily after work and feuding with her husband, Jonathan. Jonathan, a high school teacher, wants Bernadine to quit her job as he sees how heavily her work has been weighing on her. After an argument on the night of their wedding anniversary, Jonathan leaves Bernadine and checks into a motel. Anthony receives a letter from his former girlfriend Evette, informing him that he is a father. He consents to see her during visiting hours, where she reveals that she hid her pregnancy from him and raised their son with another man because it was a better life for their child than with a father on death row. She offers to let Anthony see his son before he is executed. Having exhausted the number of court appeals, Marty files an appeal hoping for a last-minute pardon from the state governor. He makes television appearances and continues to visit Anthony often. Bernadine visits Chaplain Kendricks and asks him not to give up on Anthony. Jonathan returns home and reconciles, but Bernadine continues to keep her emotions to herself. On the day of his execution, Anthony waits for Evette and his son, but they fail to show up. Bernadine leaves voicemails on Evette's phone to no avail. As Marty and Chaplain Kendricks offer Anthony solace, the governor's office calls the prison to inform they will not grant clemency. Anthony is escorted to the execution room and strapped into the execution table. In his final statement, Anthony speaks to Mr. and Mrs. Collins, the parents of the man he was convicted of murdering. He expresses sorrow for their loss and reasserts his innocence. He thanks Marty and Chaplain Kendricks for their help throughout the years. Bernadine weeps as she watches him die.",https://en.wikipedia.org/wiki/Clemency_(film)
movie_4ba83ff9298203fcc22d,Code 8,2019,"biopunk, science fiction film, thriller film","In the early 20th century, the public becomes aware of people with superhuman abilities, known as Powers, resulting in the government passing a law requiring all Powers to register their abilities. Powers become key to the workforce, specifically noted as having helped build Lincoln City as ""the city of tomorrow"", creating an economic boom. However, as the Third Industrial Revolution begins, Powers are marginalized in the face of increased automation and mechanization. By the 1990s, a crime syndicate known as the Trust has flooded the streets with an addictive drug called Psyke, made from the spinal fluid of trafficked Powers. Police departments begin using drone-deployed robots, called Guardians, and facial recognition software to combat Power-related crime while a citywide Powers ban is debated. Connor Reed, a 26-year-old Electric (electrokinetic) looks after his mother, Mary, a Cryo (cryokinetic), whose ailment impedes her from controlling her powers. Due to their status as Powers, finding decent work is difficult, leaving them unable to afford treatment for Mary's condition. Connor makes ends meet by working as an unregistered day laborer alongside other Powers. Elsewhere in the city, a drug raid is conducted by detectives Alex Park and Davis on an apartment complex owned by crime lord Marcus Sutcliffe, the local agent of the Trust and a Reader (mind reader). Marcus is confronted by his superior Westley Cumbo and told to pay his cut to the Trust soon or face consequences. Connor is approached by Garrett—Marcus' underling and a TK (telekinetic)—and his crew for a job, which turns out to be a robbery of a chemical plant. Connor shorts out an electrical fence in an impressive display of power, piquing Garrett's interest. He is introduced to Marcus and meets Nia, Marcus's apparent girlfriend. Park and Davis arrive at the robbery scene the next day and determine that the stolen chemicals are being used to cut Psyke, indicating Marcus is desperate for revenue. Garrett recruits Connor for more jobs while training him to maximize his abilities and agrees to help him earn enough money to get Mary's treatment. Connor grows close with Garrett's crew—Freddie, a mute Brawn (super strength), and Maddy, a Pyro (pyrokinetic). Marcus has the crew rob a bank to pay back the Trust, but the vault contains only a tenth of the money they expected. Wesley's Shifter (shapeshifter) assassin, Copperhead, attempts to kill Marcus for not honoring his debt, but Marcus's bodyguard Rhino, a Brawn with bulletproof skin, kills them. Nia reveals to Connor that she is a Healer, and only remains with Marcus to ease the effects of his Psyke addiction and pay off her imprisoned father's debt. Mary's condition worsens, and the doctors tell Connor that they need to operate soon to save her. Park and Davis bring Connor in for questioning. Davis wants to plant evidence and coerce him into informing. Park cuts him loose due to lack of evidence. He is revealed to have a daughter who is a TK, and who fears she will be given up because of her difficulty with controlling her powers. When Connor is released he goes to Garrett and suggests they rob a police-confiscated Psyke transport, which will make them $10 million. They bring the idea to Marcus, where Connor demands Nia heal Mary as payment, while Garrett wants to be made equal partners with Marcus. On the day of the heist, the crew blocks the transport inside a no-fly zone, preventing backup by drones carrying Guardians. Although they manage to retrieve the Psyke non-lethally, Marcus's men execute police officers and betray them. They kill Maddy and fatally wound Freddie, while Rhino flees with the drugs. Connor tells Garrett that Marcus framed them because of Garrett's demands, and they part ways. Connor contacts Park and offers up Marcus's hideout. The cops raid it while Connor and Garrett team up to fight and kill both Rhino and Marcus. Garrett takes the Psyke and encourages Connor to use Nia to heal his mother. She pleads with Connor to let her go, as her abilities force her to take the injury or disease onto herself. He takes Nia to the hospital at gunpoint to cure his mother, but changes his mind after having a flashback. Mary dies soon after. Connor gives Nia his truck to leave the city, while Garrett hands over the Psyke to Wesley and takes over the drug trade for the Trust in Lincoln City. Connor visits his mother's grave before he surrenders himself to the police, while Nia has a tearful visit with her father. Meanwhile, the Powers Ban is being voted on while Park reluctantly accepts an award for the successful raid.",https://en.wikipedia.org/wiki/Code_8_(2019_film)
movie_49324d609011bf9918e7,Copperman,2019,comedy drama,"Anselmo, a mentally disable man, grew up believing that his father had abandoned his family in order to fight the evil injustices of the world. As he grows up, he decides to emulate him by becoming a superhero.",https://en.wikipedia.org/wiki/Copperman_(film)
movie_08e8a0e12932dcc4095b,Dark Encounter,2019,thriller film,"In November 1982, married couple Ray and Olivia return to their small town home, to find that their eight-year-old daughter, Maisie, has disappeared without a trace. One year later, after a memorial service, the family arrives at Ray and Olivia's house. In addition to the two of them and their son Noah, Ray's brother Billy, Olivia's sister Arlene and her husband Kenneth, the sheriff of a neighboring parish, and Olivia's widowed brother Morgan join for dinner. The group attempts to have dinner, but Ray begins an argument with his brother Billy. Later, Ray and Morgan have a short conversation about grieving: Morgan offers his advice, but Ray makes it clear he has no intention of moving on, and storms out of the kitchen. A strange play of light begins in the forest, which Ray looks at with concern. He suspects that local children are using flares, and sets out to confront them in the forest. Morgan, Billy, Sheriff Kenneth and his son Noah join him. They drive into the forest, and witness strange phenomena: electricity goes haywire, both on their flashlights and on the car, an inexplicable light crosses the forest, and Morgan disappears without a trace. At the same time, Sheriff Kenneth experiences something that renders him catatonic, and the party reunites in the car, with Morgan still missing. Olivia and Arlene, who remained in the house, are startled by rumbling noises. After the men return, the house experiences further disturbing phenomena. The lights flicker erratically, electrical devices turn on by themselves, an invisible force attracts metal objects and a figure sneaks around the house and tries to enter. Drawn by the glaring light, Ray, Kenneth and Arlene disappear one after the other. Billy, Olivia and Noah flee from the property to the nearest country road, where they witness a light show in the night sky; it is now clear that the events are due to extraterrestrial beings. The trio is picked up by the local sheriff and another policeman and driven back to the house. Neither of the three reveals what had actually happened, and just declare that they were tormented by some unknown trio. At their own request, the three stay behind in the house and barricade themselves in the bedroom of the missing daughter, and the police officers go back to town. At the police station, a crowd is waiting to give statements regarding similar events; a police woman describes similar occurrences to the sheriff. Back in the house, an alien enters the bedroom and touches Olivia's forehead. She finds herself in a copy of the house, where she can see past events through the windows: the scenes that led to the disappearance of her daughter Maisie a year earlier take place. While Ray and Olivia were in town, she sees how Sheriff Kenneth visited Maisie and took advantage of her parents' absence to rape her. He then killed the girl and buried her in the forest where the light shows began a year later. As the truth unfolds, the walls of the house begin to crack. Olivia wakes up and finds herself laying in Maisie's bed, while she processes what she just learned. Her son calls her from across the room and they embrace. All of the people who had previously disappeared slowly reappear in the house, with a nosebleed and evident shock. They were all shown, like Olivia was, what had happened a year ago, and Kenneth's horrendous crime is now known to them all. As they go down the stairs, they find Kenneth, and Arlene attacks him. Moments later, the sheriff arrives, while Olivia asks Kenneth where Maisie's body is. The sheriff organises a search party that finally finds Maisie's body, and the family holds a second funeral. He is then interviewed on TV about the events that unfolded, and the alien's aid in finding Maisie. The last scene shows Ray and Olivia in bed, as they begin to process what has happened and find inner peace.",https://en.wikipedia.org/wiki/Dark_Encounter
movie_aef2b398449d37514df3,Devil's Night: Dawn of the Nain Rouge,2019,horror film,A military veteran returns home and joins local law enforcement to tackle a string of cases involving a legendary demon including 17 murders and a missing Ottawa tribal knife. The film depicts the Nain Rouge as a “ruthless guardian angel” who can be summoned by whomever holds an ancient Ottawa Indian tribe knife that is stolen from a museum.,https://en.wikipedia.org/wiki/Devil%27s_Night:_Dawn_of_the_Nain_Rouge
movie_8f86ea94b9f4f2c7388c,Disappearance at Clifton Hill,2019,thriller film,"While out fishing and picnicking with her family near their home at Niagara Falls, seven-year-old Abby wanders off and encounters a young, abused boy, hiding in the woods. A couple throw the boy into the trunk of their car and abduct him. Traumatized and scared, Abby remains silent about what she witnessed. Now an adult, Abby returns to Niagara Falls following the death of her mother. Throughout her adult life, Abby has had various problems, one of them being a compulsive liar. Her mother has left a now defunct motel, The Rainbow, to Abby and her sister, Laure. Laure wants to sell the motel to a prominent local family, however Abby is reluctant to do so, still obsessed with the abduction of the ""one-eyed boy"". Abby begins to investigate the mystery of the boy in the woods. She soon discovers his name, Alex Moulin; the son of a husband-and-wife magical act known as the Magnificent Moulins. Following their son's disappearance, the Moulins moved to America. Abby meets local conspiracy theorist and podcaster Walter Bell, who is of the opinion that Alex did not commit suicide, as no trace of his body was ever found. He's always held on to strong suspicions that the powerful Lake family was responsible for boys' disappearances in the past. To continue with her investigation, Abby requires access to Charlie Lake's office; she pretends to have signed the papers authorizing the sale of the motel (she has, in fact, signed them in disappearing ink). While at his office she sees a photo of the Moulins and a woman, Beverly Mole, who worked with them as an animal trainer. Apprehensive of Abby's inquiries, Charlie makes ominous threats causing her to rush out in fear. Abby makes contact with Beverly Mole, luring her with casino access along with free hotel accommodation at The Rainbow. Beverly arrives along with her husband Gerry. While Beverly is gambling, Abby attempts to dig up more information, but Beverly returns to her room early after a dispute at the casino. She angrily leaves. Abby uses her sister's passport to travel to America to see the Magnificent Moulins magic show. After the show, a strange encounter occurs between the three of them. Upon returning home to Canada, the authorities discover Abby's stolen passport and arrest her. Still undeterred and determined, Abby breaks into Beverly's house where she finds Gerry chained up. He confesses that he and his wife kidnapped Alex, with the intent to blackmail the Moulins. The police arrest Beverly and rescue Gerry, finding crucial and incriminating evidence. After Gerry's confession, the case garners a media frenzy. Charlie Lake is soon arrested, all the while proclaiming his innocence in Alex's murder. The Moulins manipulate the media attention, pleading their ignorance and innocence of any wrongdoing against their son, while making threats of slander lawsuits. Life in town returns to normal and Abby moves on, now employed at another, more up-market motel. A man with an eye patch walks in to rent out a room for an indefinite amount of time. Appearing to be not much older than Abby, he asks if perhaps they've met before. Noticing a newspaper on the desk with Charlie's picture, the guest tells Abby that Lake is not lying and states that in fact, he saved that boy's life. Abby stares after him in wonderment as the man walks away from the reception area towards his room.",https://en.wikipedia.org/wiki/Disappearance_at_Clifton_Hill
movie_9930927f05f75ce4452c,Doctor Sleep,2019,"ghost film, horror film","After his family's ordeal at the Overlook Hotel, the traumatized Danny Torrance is followed by its ghostly inhabitants seeking his ""shine"". When Danny is 8 and after an incident with the ghost lady in his bathroom, Dick Hallorann teaches him how to capture them in psychic ""lockboxes"". In 2011, Dan has become an alcoholic to suppress his abilities. After moving to New Hampshire, Dan recovers through Alcoholics Anonymous. Working as a hospice orderly, Dan uses the shining to comfort dying patients, earning the nickname ""Doctor Sleep"". A young girl named Abra Stone, whose shine is even greater than Dan's, telepathically reaches out to him, and the two form a psychic friendship. A separate plotline follows the True Knot, an old cult of psychic vampires led by Rose the Hat. They feed on ""steam"", a psychic essence released by torturing and killing people who possess the shining. By 2019, as the number of potential prey dwindles, the group has begun starving. They recruit teenage Andi, who has the power of suggestion, but their gruesome killing of a young baseball player traumatizes Abra, who alerts Dan. Rose, who senses Abra's clairvoyance, and later becomes connected to her while shopping, becomes intrigued. Rose infiltrates Abra's dream but is trapped by Abra, who proceeds to rummage through Rose's memory to learn about the cult. Convinced that Abra's immense powers will supply them with steam for years to come, Rose sends the True Knot members after her. Abra divines the crime scene's location and meets Dan in New Hampshire to give him the information and implore him to help her stop the True Knot. Dan recruits his friend Billy and Abra's father, Dave, to help. They set up an ambush and kill most of the cult, but Billy is killed by Andi before she dies and Dave is killed by Rose's partner, Crow Daddy, who kidnaps Abra. Dan possesses Abra and causes Crow Daddy's car to crash, killing him. Knowing Rose is coming for them, Dan brings Abra to the now-abandoned Overlook, which is equally dangerous for Rose. Dan sets the hotel's boiler to overload, while briefly confronting an apparition of his father and rejecting an offer to drink. Rose arrives and overpowers Dan, but he releases the Overlook's occupants from his lockboxes. Drawn to Rose's power, the ghosts devour her before possessing Dan in a bid to make him kill Abra so they can feed on her steam. He goes to the boiler room and regains control before the hotel can make him deactivate it. As fire erupts, he sees a vision of himself as a child being comforted by his mother Wendy. Abra escapes as the Overlook burns down. Sometime later, Abra speaks to Dan's spirit, who comforts her, telling her to ""shine on"". Abra tells her mother that Dan and Dave are okay. She then confronts an Overlook ghost and imprisons it in her psychic lockbox.",https://en.wikipedia.org/wiki/Doctor_Sleep_(2019_film)
movie_1f7f10638566c34d345c,Durgeshgorer Guptodhon,2019,action film,"Professor Subarna Sen, aka Sonada, a professor of history, along with Abir and Jhinuk decide to visit one of Sonada's student's ancestral mansion at Durgeshgarh. The ancestor of this student, Durgagati Deb Roy, was an erstwhile zamindar and a renowned artist of Bengal. There is a myth that runs in the family that they had once received a massive treasure from famous King Krishnachandra Roy after the Battle of Plassey. Presently all traces and trails of it have been lost. Sonada along with Abir and Jhinuk join the festival of Durga Puja in that mansion and stumble upon the lost clues that may lead them in unearthing one of the greatest treasures of Bengal.",https://en.wikipedia.org/wiki/Durgeshgorer_Guptodhon
movie_41a1841f2db18d544450,The Brink,2019,documentary film,"The film follows Bannon from his latter days in the Trump administration to just after the 2018 midterms as he attempts to form a global populist movement with like-minded individuals such as Nigel Farage, Marine Le Pen, Jair Bolsonaro, Viktor Orban, Kent Ekeroth, Filip Dewinter, and others.",https://en.wikipedia.org/wiki/The_Brink_(2019_film)
movie_10bea770155bff18f0dc,All Day & A Night,2020,drama film,"An aspiring rapper named Jahkor Lincoln arrives in prison. He ends up serving a life sentence for murder and looks back on the days preceding his arrest and the circumstances of his childhood to find clues to his way forward in life and his survival. During his childhood, he suffered abuse from his father JD, who was a drug addict and a criminal. His mother Delonda did her best to keep things together. Jahkor ends up turning to petty thefts and assaults with his friend TQ. Jahkor also ended up offering his services to a gangster named Big Stunna, while also having a relationship with a woman named Shantaye with whom he ends up having a son named Zion. Although he tried to lead an honest lifestyle for his son, Jahkor always ended up in trouble. Jahkor offered to kill Stunna's rival, Malcolm, and he did so by executing Malcolm and his girlfriend Cece in front of their daughter Miesha in their home. It was revealed that as a child, Jahkor saw Malcolm selling his father JD drugs. He asked Malcolm to stop and was rebuffed. He blamed Malcolm for JD's ongoing drug use and the damage to his family. After his arrest, Jahkor learns that TQ and a former associate, T-Rex, were working for Malcolm. Stunna and his girlfriend murder T-Rex while Jahkor kills TQ when he ends up in prison. Jahkor meets his son when Shantaye brings him along with her and also assures that his son will not end up like him or JD. Jahkor and JD also work on their relationship behind bars.",https://en.wikipedia.org/wiki/All_Day_and_a_Night
movie_fe8f064c3f30d0967db7,Beasts Clawing at Straws,2020,"crime film, drama film, thriller film","The film is separated into six chapters: Debt, Sucker, Food Chain, Shark, Lucky Strike, and Money Bag. Joong-man, stuck in a thankless job and forced to care for his ailing mother, finds a huge bag of money left in a sauna locker. Tae-young, a customs officer in debt to criminal Mr. Park, plots with one of Park's henchmen to run a lucrative scam on a ""sucker"" attempting to flee the country. Mi-ran, an escort with an abusive husband, finally sees a way out when one of her clients offers to murder him in exchange for a cut of his life insurance policy. The three characters all cross paths with dangerous people and get into increasingly deeper trouble as they attempt to cheat their way toward the ultimate payout. In the end, Joong-man loses his house due to a fire set by Yeon-hee to cover up her murder of Park to get the money. Afterwards, Yeon-hee is killed by Park's lieutenant to avenge his boss. She drops the key for the locker that contains her bag of money. Joong-man's wife, who works as a cleaning lady at the airport, finds the key and retrieves the money, enabling Joong-man to restart his life.",https://en.wikipedia.org/wiki/Beasts_Clawing_at_Straws
movie_71a6fde9e50a68e6e36c,Before the Dying of the Light,2020,documentary film,"The documentary chronicles the revolution of Moroccan avant-garde cinema in the 1970s under Hassan II's repressive reign, through a collage of archival footage, posters and magazine covers, jazz music, and animations.",https://en.wikipedia.org/wiki/Before_the_Dying_of_the_Light
movie_928966f2916c604450a0,Boss Level,2020,"action film, science fiction film","Roy Pulver, a retired Delta Force soldier in Atlanta, has been stuck in a time loop for nearly 140 days and has learned the day's patterns through many previous loops. He wakes at 07:00 AM each day, avoids an assassin in his apartment and an attack by a gunman in a helicopter outside his window, then escapes his apartment before it explodes. He has been able to elude more assassins throughout the morning, but finds himself unable to figure out how to survive a final attack at 12:47 PM, waking up back in his apartment on the next loop. On the day before Roy entered the loop, his estranged wife Jemma had asked Roy to visit her at defense contractor Dynow Labs under the pretense of a job interview. The two argue over Joe, their son, whom Jemma has led to believe that Roy is just a family friend. When Colonel Clive Ventor, head of Dynow, discovers Roy near Jemma's highly classified project, he has him escorted out, but not before Jemma obtains a sample of Roy's hair. In one loop, Roy tries to call Jemma but instead reaches Ventor, who tells him that Jemma died from a lab accident the day before. Roy becomes suspicious. On a later loop, he finds Joe at Underground Atlanta, skipping school for a video game tournament. Roy spends the day with Joe but does not mention Jemma's death. The assassins arrive to kill Roy - who uses his body to protect Joe - telling him, as he dies, that he is his father. When Roy next wakes, he realizes that the assassins had followed him using a dental tracking device implanted by Alice, his date from the night before, who is a dental hygienist. Through more trial-and-error loops, Roy finds a way to remove the tracker and sneak into Dynow, killing several guards and assassins, but is always stopped by Ventor and the sword wielding Guan Yin. Ventor reveals to Roy that Jemma's project is the Osiris Spindle, a quantum device capable of rewriting history, which Ventor plans to use to set himself up as the world's dictator. Ventor admits he was responsible for Jemma's death after an argument the night before. As she had started the Spindle and no one else knows how to operate it, Ventor warns Roy the Spindle will destroy the world if it runs too long. On further loops, Roy makes the connection to the Egyptian god of the afterlife, Osiris, from a book with a hidden message that Jemma gifted him for his birthday, and he realizes that Jemma must have placed him in the Spindle to stop Ventor. While he is able to further infiltrate Dynow and kill Ventor after learning sword fighting from ""daily"" lessons from Dai Feng, Roy learns the assassins were sent to kill Joe, and arrives too late. As he mourns over Joe, the Osiris Spindle explodes and destroys the world. Roy spends several loops in a despondent state, then decides to spend several more loops with Joe, staying with him until the Spindle's explosion. In one loop, he learns that Jemma had called Joe that morning, later than he previously thought she was still alive, and realizes he can save her. After determining the exact time and place she died at Ventor's hands in Dynow, fourteen minutes after he wakes up, Roy uses the next loop to hijack the helicopter, get to Dynow, kill the waiting assassins, and stop Ventor before he kills Jemma. Roy tells Jemma he has been spending his loops with Joe, and that he has seen the end of the world. Jemma tells Roy that he has to enter the Osiris Spindle in order to reset it, and that either he would wake up and repeat the day one more time or he would die permanently. Roy kisses Jemma, before preparing to enter the Spindle. The ending of the film is split into two versions: In the first ending, Roy enters the Spindle as Jemma looks on in awe. In the second ending, Roy faces the start of the loop one last time, with his narration saying, ""Piece o' cake,"" as his attacker appears, leaving his fate to the viewer.",https://en.wikipedia.org/wiki/Boss_Level
movie_b0f291654c86abb86546,Brothers by Blood,2020,crime film,"A man remains tormented by his sister's death, while his cousin grows more powerful in the hierarchy of the family crime business.",https://en.wikipedia.org/wiki/Brothers_by_Blood
movie_2a22db8909e7bf88287f,Corona Zombies,2020,comedy horror,"Inspired by the COVID-19 pandemic, the film stars Cody Renee Cameron as Barbie, a woman who finds herself facing an outbreak of zombies infected by coronavirus disease 2019 (COVID-19).",https://en.wikipedia.org/wiki/Corona_Zombies
movie_67af072ad0c97ddf97c6,Digger,2020,drama film,"Nikitas is a father who lives in rural northern Greece, where a mining company threatens the natural landscape and disturbs his daily life. His son, Johnny, visits unexpectedly after a 20-year absence, bringing a whole other tension to Nikitas' life, when he discovers his wife has died. His son now demands his half of his inheritance, causing tension.",https://en.wikipedia.org/wiki/Digger_(2020_film)
movie_ce1c8f8b6cb9dfd6bdd0,Drunk Bus,2020,comedy drama,"Michael, a recent college graduate, finds himself stuck as a bus driver for a party school in Ohio after failing to pursue his dream of becoming a photographer. He spends his nights driving the ""drunk bus,"" shuttling intoxicated students back to their dorms from parties. Following a violent incident on the bus, Michael's boss hires Pineapple, an imposing man with Maori face tattoos and piercings, as his security. Despite his initial intimidation, Michael discovers Pineapple's kind and insightful nature. As they spend time together, an unlikely friendship forms, and Pineapple provides Michael with valuable life advice, prompting him to reconsider his perspective. Simultaneously, Michael deals with the aftermath of a painful breakup while trying to find his place in the world. Amy, his ex-girlfriend, returns to their college town from New York, adding complexity to his emotional journey. Struggling between his past and future, Michael must confront his feelings for Amy and decide on his true desires. As he grapples with these challenges, he faces a critical choice: continue his dead-end job or take a leap of faith to pursue his writing dreams and leave the ""drunk bus"" behind.",https://en.wikipedia.org/wiki/Drunk_Bus
movie_b74c2730e5e1a8026a2b,Fantasy Island,2020,"adventure film, horror film, supernatural horror film","Five people — businesswoman Gwen Olsen, former police officer Patrick Sullivan, stepbrothers J. D. and Brax Weaver, and teenager Melanie Cole — arrive at Fantasy Island, a tropical resort where fantasies apparently come true. Upon arrival, island proprietor Mr. Roarke guides them to their fantasies: Patrick is enlisted in a war in honor of his late father; Melanie takes revenge on her childhood bully Sloane Maddison; the Weavers become honored guests at a mansion rave; and Gwen accepts her ex-boyfriend Allen Chambers' marriage proposal, which she rejected many years ago. Melanie eventually learns that Sloane was kidnapped and brought to Fantasy Island against her will. She saves her from a masked surgeon and both run away. Meanwhile, Patrick is captured by a military platoon and taken to their commander, Lieutenant Sullivan, whom Patrick recognizes as his father. As night falls, the surgeon attacks Melanie and Sloane again before Damon, a private investigator, kills him. Damon reveals that Roarke offered him to see his deceased daughter, but the fantasy turned into a nightmare that trapped him on the island. He also explains that the fantasies are created by spring water under a glowing rock in a cave. The trio collect some spring water and head back to the resort for help. The next morning, Gwen wakes up to find she has a daughter with Allen and becomes dissatisfied. When Roarke explains that the fantasies must be fulfilled so that his own fantasy of being with his deceased wife can continue, Gwen convinces him to give her the fantasy she really wanted: to save her neighbor Nick Taylor, who died in a fire. Unknown to the guests, Fantasy Island begins to turn the fantasies into nightmares as the Weavers are taken hostage by a drug cartel associated with the mansion's owner. Gwen is taken to the night she accidentally started the fire that killed Nick and finds out that the other guests, except Melanie, were also there and attempts to save Nick, but fails and is rescued by Roarke's assistant, Julia. Elsewhere, Sullivan's soldiers are summoned to rescue the Weavers; after being shot dead, the cartel reanimate as zombies who attack the soldiers. In the ensuing gunfight, J. D. is fatally shot and Sullivan sacrifices himself so Patrick and Brax can escape back to the resort. The zombified surgeon ambushes Melanie and Sloane, but Damon sacrifices himself and leaps over a cliff with him. The remaining guests regroup at the resort, but are cornered by Roarke. He reveals that they are in a fantasy in which they are all killed. Realizing that everyone was involved in Nick's death—Melanie says that Nick asked her out that night and she turned him down, which is the reason he was at home—the guests assume it is Julia's fantasy as they believe that she is Nick's mother. The guests escape to the dock to be rescued by a plane sent by Damon's associates, but it is shot down. In response, the guests run to the cave to destroy the glowing rock with a grenade that Patrick is carrying. They enter the cave but quickly become separated and lost. As they wander the cave, they begin to be confronted by the different zombies that have come to torment them. Patrick has an encounter with his father who tries to drown him, Sloane comes face to face with her darker self, and Gwen faces her false daughter and an image of Nick, burned beyond recognition. Gwen apologizes for her actions and asks to be the only one punished for what happened calling out to Julia to free the others. Nick looks confused, asking, ""Who is Julia?"" Melanie suddenly stabs Patrick and takes Sloane hostage, revealing that it is her true fantasy. She orchestrated the guests' arrival to seek revenge on them for Nick's death, with whom she had a date and was convinced he was her soulmate. Julia is revealed to be Roarke's wife, brought back to life by the island's powers after dying of a terminal disease from which she was suffering when she met Roarke, and convinces him to help the guests before disappearing. Sloane remembers the spring water she collected before and wishes Melanie to be forever with Nick. As a result, Nick's zombified corpse attacks Melanie and drags her into the water. Before drowning, Melanie activates the grenade, but Patrick sacrifices himself and falls on it to protect the others, paying tribute to how his father died years ago. As the fantasy concludes, Gwen, Sloane, and Brax wake up at the resort, where Roarke agrees to let them go. While the guests board a plane to leave the now-purified Fantasy Island, Brax wishes for J. D. to come back to life. Roarke explains that Brax must stay on the island for the fantasy to come true. After Gwen, Sloane, and a resurrected J. D. depart, Roarke asks Brax to become his new assistant. Remembering a nickname J. D. gave to him while they were at college, Brax chooses to rename himself ""Tattoo"".",https://en.wikipedia.org/wiki/Fantasy_Island_(film)
movie_6e7465ae1cd535d22b9e,Finding Hubby,2020,"comedy film, drama film, romance film","Oyin Clegg (Ade Laoye)—a 35-year-old marketing executive with a Lagos-based firm—is a successful career woman, but her personal life causes concern for her meddling mother (Tina Mba). Although she indulges in one-night stands with eligible men on standby, Oyin is yet to find a suitable partner despite persistence from her boss Ossy (Charles Etubiebi), the seemingly perfect man with whom Oyin fails to connect. She is ecstatic when the firm announces their collaboration with Yomi Kester-Jacobs (Paul Utomi), heir to a thriving business empire, but is enraged after the firm denies her the opportunity to travel to the United States for a team-building workshop due to her unmarried status. Oyin is reunited with Ade (Efa Iwara), a successful writer she had dated ten years prior before calling time on their relationship due to his dire straits. Their romance is rekindled after she discovers he has now achieved international recognition and wealth, but Oyin is later humiliated when Ade—who now regards Oyin as a gold-digging opportunist—dumps her in revenge. The incident leaves her depressed until Ossy surprises her with a getaway to Dubai. At the airport, Oyin runs into the condescending Moroti (Omowunmi Dada) who subtly throws shade until Yomi Kester-Jacobs unexpectedly comes to Oyin's rescue, pretending they are a couple. Ossy, who meets her at the airport upon her return from Dubai, is horrified to discover his heartthrob has connected with Yomi on holiday, and rebounds with Oyin's friend Gloria (Munachi Abii), proposing to her in two weeks. Oyin is initially betrayed but agrees to be chief bridesmaid at their registry wedding. On the night of her engagement party, Oyin discovers her fiancé is a closted gay man using her as a beard to conceal his true orientation. Her church's youth minister Pastor T (Tope Tedela) and Toke (Kehinde Bankole)—Oyin's other friend—both suggest she break up with him. Her mother, still eager to see her daughter marry and save the family from shame, advises her daughter to go through with the wedding. The film ends with Oyin ponding her final decision.",https://en.wikipedia.org/wiki/Finding_Hubby
movie_d5ed955ba25d20024e18,From legs to the street,2020,adventure film,"It tells the story of an adorable brigade of pets made up of dogs, a cat, a parrot, and a goat. They will have a very important mission: return home; However, along the way they will encounter human cruelty, which sees in them a method of profit.",https://en.wikipedia.org/wiki/De_patitas_a_la_calle
movie_11fc0aa64512aa540384,Havel,2020,"biographical film, drama film, historical film","The film starts in 1968. Václav Havel works as a playwright at Theatre on the Balustrade, where he receives ovations. His career is interrupted by the Warsaw Pact invasion of Czechoslovakia. The story then moves to 1976, when he participates in the preparation of Charter 77, which leads to his imprisonment. The story largely focuses on Havel's personal life and relationship with his wife Olga. The film ends in 1989, during the Velvet Revolution.",https://en.wikipedia.org/wiki/Havel_(film)
movie_22a7ced5456217b1f983,The Babysitter: Killer Queen,2020,"comedy film, comedy horror, horror film, slasher film, teen film","Two years after a satanic cult led by his former babysitter, Bee, tried to kill him, Cole Johnson is a junior in high school. He is unable to convince anyone, except for his best friend Melanie, of Bee's life-threatening plot; his parents and most others think he had a psychotic break. After he discovers that his parents have enrolled him in a psychiatric school, he escapes with Melanie, her new boyfriend Jimmy, and their friends Boom-Boom and Diego to attend a lake party. At the party, Cole witnesses the arrival of new student Phoebe Atwell. Later, Cole's friends play a party game on a boat when Melanie suddenly kills Boom-Boom with a boathook and saves her blood. Melanie, Jimmy, and Diego are revealed as cult members; with Boom-Boom's blood as a sacrifice, they need Cole's blood as an offering of an ""innocent"" to make their wishes come true. Original cultists Sonya, Allison, Max, and John also appear, having been resurrected so they could partake in the ritual by sunrise. However, Phoebe suddenly appears, looking for gas for her jet ski, and provides Cole with some time to evade the cult members and escape with Phoebe on her jet ski. Once on land, Cole explains everything to Phoebe, who believes him, while the cultists give chase. Sonya makes the first attempt to kill them, but they end up running her over with a car left by a stranger and decapitate her with a surfboard. The cult gets into an argument after finding Sonya's body and splits into two groups: Allison, Max, and John; Melanie, Jimmy, and Diego. Max and John leave while Allison takes a break. She finds Cole and Phoebe, but they trap her between a narrow wedge of rocks and rip her head off. The two board a boat and drive off, but Max catches the raft attached to the back of the boat and is able to pull himself onto the boat. However, Phoebe sets him on fire with a can of silly string and a lighter, then Cole shreds him with the boat's propeller. Diego and Jimmy supernaturally disintegrate when they attempt to back off from their pursuit of Cole. Cole and Phoebe arrive at her old family cabin, where they take refuge and hope to wait out the night. In the cabin bunker, Phoebe reveals to Cole that her parents died because she crashed into them in a fatal car accident. Cole comforts her, and the two have sex. Melanie calls Cole's father Archie, who has been searching for him alongside Melanie's father Juan, and fakes being drunk so that he can pick them up, hoping to lure Cole out. Cole and Phoebe come out of the bunker armed with crossbows and John accidentally kills himself when a chandelier crashes on him. Archie gives Cole a sleeping drug so he can take him to his car while Melanie kills Juan with a machete and captures Phoebe. While stopping for gas, Cole regains consciousness, locks Archie out of the car, and drives back to the lake to save Phoebe. In a cove, Melanie holds Phoebe hostage before Cole shows up and volunteers to be sacrificed. Bee emerges from the water and is revealed to be Phoebe's babysitter who was responsible for the car accident that killed her parents; she made a deal with the Devil to save Phoebe's life in exchange for her soul. Sonya, Allison, Max, and John are resurrected again; the four and Melanie drink Cole's blood mixed with Boom-Boom's blood. However, since Cole has had sex with Phoebe and is therefore no longer ""innocent"", the ritual backfires and the five melt and disintegrate. Bee, who did not drink the blood, reveals that she orchestrated everything so Phoebe and Cole could unite and defeat the cult, having had a change of heart from Cole's love confession after her initial defeat. However, since Bee is still technically a demon, she drinks the blood and disintegrates to save the two. Archie shows up and, having witnessed Bee's death, finally believes Cole. As the sun rises, Cole and Phoebe embrace and kiss while Archie looks on proudly.",https://en.wikipedia.org/wiki/The_Babysitter:_Killer_Queen
movie_576e05cf26fb27ba97cb,The Bridge Curse,2020,horror film,"The story revolves around a long-standing urban legend surrounding the ""Female Ghost Bridge"" at Tunghu University in Taiwan. Legend has it that a female student once waited on the bridge to elope with her boyfriend, but after he failed to show up, she was assaulted by five men and drowned in the lake. Since then, rumors persist that an extra step appears on the bridge's staircase at midnight, and anyone who looks back while climbing it will encounter her ghost. The film's narrative intertwines three different leap years—2012, 2016, and 2020—gradually revealing the rules of the curse, which dictates that the ghost must claim five victims every four years as replacements. The tragedy begins in 2012 when a student, Chao Hsin-chiao, and her classmates hold a test of courage at the bridge. Hsin-chiao inadvertently removes a protective talisman, releasing the curse and causing her peers to die horribly one by one. To save herself, Hsin-chiao makes a pact with the ghost, promising to bring five new victims in the next leap year to take her place. Four years later, in 2016, the surviving Hsin-chiao becomes a student council member and organizes another test of courage, intending to sacrifice five people, including her ex-boyfriend Chi Te-chuan (Ah Chuan) and four underclassmen. Following a series of supernatural incidents and the deaths of his companions, Ah Chuan uncovers Hsin-chiao's plot. Faced with imminent death, Ah Chuan makes the same choice Hsin-chiao did: he kills Hsin-chiao to complete the five-victim sacrifice and promises the ghost that he will find new replacements in the next leap year. In 2020, journalist Lien Shu-yu investigates the mysterious cold case of the 2016 student deaths, returning to the campus with cameraman Chi Wen-te for interviews and a reenactment. As the investigation deepens, Shu-yu pieces together the truth by comparing past video footage and realizes that six people were actually involved in the 2016 incident, though official records only list five deaths. Just as Shu-yu uncovers the truth, Wen-te removes his disguise, revealing himself as Ah Chuan, the sole survivor who inherited the curse. Ah Chuan ambushes Shu-yu, binding her and taping her mouth shut. He uses her investigation project to lure several unwitting extras to the bridge for the reenactment, seemingly to gather five new sacrifices for the current leap year. However, Ah Chuan later approaches the awakened Shu-yu from behind. Too terrified to turn around, Shu-yu keeps her back to him as Ah Chuan pleads for her help, revealing his true intention is to use her assistance to permanently break the deadly leap-year curse. In a post-credits scene, a flashback to 2016 shows Hsin-chiao bleeding on the ground after Ah Chuan struck her in the head with a brick. A mysterious whisper echoes in the background: ""It's your turn.""",https://en.wikipedia.org/wiki/The_Bridge_Curse
movie_2ec5d48a6bda599c0c72,The Fisherman's Diary,2020,drama film,"In a far fishing village where educating girls is considered a transgression of tradition, twelve-year-old Ekah wants to attend classes. Inspired by the story of the Pakistani education activist Malala Yousafzai, she learns to read and write on her own, assisting her widower father, Solomon, in earning a living. Solomon does not allow his daughter to attend classes as he believes that women must stay at home preparing for their future as wives, a belief shaped by his bitter experience in the past. Ekah meets Teacher Bibih, a new appointed teacher in the village school, who recognizes the girl's abilities and potential. She urges Ekah to continue her pursuit of education regardless of the objections from the elders of the village. While visiting the school in secrecy, Ekah is appreciated by some of her peers but ridiculed by other villagers who consider her behavior as a disrespect for their traditions. As Bibih starts investigating Solomon's attitude towards education of girls, she reveals the reasons why he is so opposed to the girl's schooling. Years ago, Solomon was sympathetic towards his wife's wish to get an education, but some unfortunate events made him link formal education to the ruination of his family. Full of remorse and guilty, Solomon vowed never to send his daughter to study again. However, the prominent members of the community exert pressure on Solomon to take away Ekah from school forever and make the girl live according to the village tradition. Ekah decides not to give up her opportunity to get an education, as she sees it as the way to have a good future for herself and the other girls in the village. Her persistence starts challenging the views of the villagers, including Bibih, who keeps promoting education of girls. The drama reaches its peak when Solomon has to realize the true cause of his fear of schooling Ekah. Understanding that he prevented his daughter from having opportunities because of his own grief, he makes peace with his daughter and approves her decision to stay in school. Ekah came back to the schoolroom which symbolizes a change of mind among the villagers of the fishing community. The hope emerges that the future generation of girls will have the opportunity to study without the same obstacles.",https://en.wikipedia.org/wiki/The_Fisherman%27s_Diary
movie_989b632a87d47490c4af,7 Days,2021,"comedy film, drama film","The film opens with several Indian couples discussing their traditional arranged marriages. An Indian website is a modern method for unmarried singles to seek a spouse. Both Ravi's and Rita's mothers have created profiles for them on Arranged, a website for America-based Indians. Ravi and Rita have an awkward pre-arranged date at a dry reservoir. As her mother had posted she was a vegetarian, he had brought a special meat-free meal. When she points out that the lemonade he brought was hard and the site stated he is a teetotaler, embarrassed, he pours it on the ground. Suddenly they both get alerts to their phones about the COVID-19 pandemic, going back to her place they simultaneously call their moms. It is a mess, trash everywhere, dirty dishes and evidence that she drinks. Ravi waits for the car rental agency to call him back, as his train has been cancelled. As there won't be a car until morning, Rita offers him the couch. After he updates his mom, he overhears her talking dirty to someone on the phone. In a panic, he goes to her bathroom and finds her vibrator. First thing in the morning Ravi leaves as soon as he can on foot to the agency. Rita gives him a friendly goodbye, but he leaves coldly. Relieved he's gone, she grabs a beer and a cold chicken drumstick from the fridge. Ravi suddenly pops back in, as he is told it will be three more days. He is forced to shelter in place due to the pandemic. When Ravi asks about the alcohol and meat Rita begs him to not tell her mother. He concedes then blurts out that they aren't a good match, pointing out her dishonesty as a reason. She explains that her mother pays for her rent in exchange for her participation in the website. Ravi tries to make small talk, and then asks Rita if he can clean, saying it relaxes him. Finished cleaning, he gets a teasing call from his brothers about being holed in with her. He is antsy whereas she is totally relaxed, used to inactivity as she's unemployed. Chatting again, Rita admits she's not remotely interested in marriage, whereas Ravi insists he needs to get married before he can have any intimacy. He insists he's not boring, describing odd idiosyncrasies of his lab mates. Rita gets a call from her lover, who turns out to be married. Unable to go for a walk, Ravi shows he's emotional as he describes to her a Bollywood movie. Bored, she spikes his Coke with whiskey and, as he's never touched alcohol, it quickly affects him. He both tries to do standup comedy and then dance for the first time, but gets sick. Sore at Rita the next morning, Ravi blames her for his hangover. A short while later, she joins him for an online workout. Her mother calls, asking about the date, hoping she didn't divulge her true self, as he couldn't love 'that you'. Ravi offers to teach Rita to cook. In the process, he is appalled at her process and the result, but she is pleased. His mother sets him up on a virtual blind date, which Rita coaches him through. Ravi finishes the date really happy, but dreams of Rita. The next morning, after Rita hears Ravi's conversation via speakerphone with his mother she goes stir crazy and insists on going out, and doesn't take a mask. She arrives back late. In the morning, upon saying goodbye she coughs, so he cancels his departure to help Rita quarantine. During the day or so of quarantining, they get to know one another. She talks about her affair, he tells her very infantile knock knock jokes and during the night her bad coughing concerns him, so he spoons her. By morning, he calls an ambulance. Once Rita is hospitalized, Ravi goes through her things, with notable and increasing affection. He has a lot of difficulty contacting her via phone. Ravi discovers her paintings are all sweet and about love, not raunchy as she implied. Her mom calls, and he tells her about Rita's COVID hospitalization. She asks to Zoom with him. Finally able to talk with Rita, she informs him that the woman she'd been sharing her hospital room with has died. Rita then gets progressively sicker and cannot respond but a doctor at the hospital keeps Ravi informed, and Rita recovers. When she's released, they meet in a park and their mutual affection is visible.",https://en.wikipedia.org/wiki/7_Days_(2021_film)
movie_56df1ecd30740443e488,Ahed's Knee,2021,drama film,"""Y"" (Avshalom Pollak), a filmmaker, is working on a new film about Palestinian activist Ahed Tamimi. He travels to the Arava desert to attend a screening of one of his films at a local library, a government institution. There he meets Yahalom (Nour Fibak), an official from the Ministry of Culture. She explains he needs to sign a form that defines the subject of his appearance at the screening, a form that offers him a checklist of topics acceptable to the government all of which reflect its right-wing ideology and antipathy to criticism. Y becomes close to Yahalom while exploring how to use her sympathy for a more liberal approach to culture and speech to attack the government's agenda.",https://en.wikipedia.org/wiki/Ahed%27s_Knee
movie_8ece1613e1b1f15467c6,Baggio: The Divine Ponytail,2021,"association football film, biographical film, drama film","A chronicle of the 22-year career of football star Roberto Baggio (Andrea Arcangeli), that includes his relationship with family members, his turbulent debut as a player and differences with some of his coaches, between successes, injuries, and his discovery of Buddhism. The film begins with a young Baggio dreaming to win the FIFA World Cup with Italy against Brazil, to revenge the 1970 final. The most significant moment of Baggio's career is the 1994 FIFA World Cup, where he almost single-handedly carries his team to the final, against Brazil. Baggio has the occasion to lift the World Cup trophy also taking the long dreamed revenge. Unfortunately, the match is decided on a Penalty shoot-out, and Baggio himself fails the last penalty, handing the trophy to Brazil. In 2002, he hopes to participate to the World Cup, but a serious injury towards the end of the Serie A season seems to nullify his hopes. Instead, he returns to football only 77 days from the injury. However, the head coach of the national team, Giovanni Trapattoni, controversially decides not to call him up. The film ends with Baggio supported of his family and friends, as well as in the love of the fans who have accompanied him throughout his career.",https://en.wikipedia.org/wiki/Baggio:_The_Divine_Ponytail
movie_b978183c00c140b99a0d,Black Island,2021,"drama film, mystery film, thriller film",The dark secrets of a seemingly peaceful island threaten to swallow up an orphaned student when he grows close to a mysterious new teacher.,https://en.wikipedia.org/wiki/Black_Island_(film)
movie_e0528434cc81f48badfc,Chandigarh Kare Aashiqui,2021,"comedy drama, romance film","Bodybuilder Manvinder ""Manu"" Munjal is the owner of a gym in Chandigarh, preparing for an annual competition ""G.O.A.T"". Unfortunately, his gym fails to attract clients until Zumba instructor Maanvi Brar walks into the gym and things start looking up financially. Manu falls in love with Maanvi and as they are about to have their first kiss, she says she wants to tell him something. However, Manu refuses to hear her out and initiates sex. Although hesitant at the beginning, she proceeds with it and they both approach climax. Later on, they begin a sexual relationship. Manu's family also likes Maanvi and his sisters encourage him to marry her. As Manu eventually expresses his intention of wanting to marry her, Maanvi reveals she is a trans woman. Enraged and flabbergasted, Manu says he's going to seek revenge. He is disgusted with himself because he keeps thinking he ""has had sex with a man."" His friends make derogatory references to Maanvi, which further infuriates him. Despite their fallout, they continue to love each other. Maanvi did not share a close bond with her mother, but her father accepted her. Manu educates himself about trans women by watching videos, interacting with a trans woman and seeking counseling with his friends to conclude that his relationship with Maanvi is normal. Eventually, he realizes being born in a male body was a biological defect that Maanvi rectified via surgery, and only he had to step up and accept her for who she was. Preet and Meet, Manu's sisters, find out Maanvi's truth and insult her in public. As a result of public humiliation and her father's heart attack, she decides to leave Chandigarh. She rushes to the hospital, where Manu also shows up. He tells her that he wants to be with her, and stands up to his family for Maanvi. Manu competes for the title of ""G.O.A.T"" and in the last round of the tournament, Maanvi shows up to root for him. Encouraged by her presence, he lifts extra weights and wins the competition. After his victory, he asks Maanvi in front of the crowds if she wants to be with him, and she says yes.",https://en.wikipedia.org/wiki/Chandigarh_Kare_Aashiqui
movie_02551a9c28acfb8b74fc,Doors,2021,science fiction film,"The film opens with a disoriented man wandering alone through a forest, apparently having passed through one of a series of mysterious alien portals nicknamed ""doors"" that have appeared across the world. News reports and radio broadcasts establish that the doors are responsible for mass disappearances and drastic changes to life on Earth. The first main segment, Lockdown, is set on the day the doors arrive. A group of high-school students sit an exam in detention when a school-wide lockdown is announced. As mobile phones across the building erupt with emergency alerts, the teacher leaves to investigate and does not return. The students eventually venture into the hallway and discover that one of the doors has materialised just outside their classroom. The portal exerts a psychological pull on Ash, a student who begins hearing voices and experiencing visions. Tensions between Ash, their crush Lizzie, and Lizzie's boyfriend Jake escalate into a confrontation, and several of the students are ultimately drawn into the door, vanishing as they step through its shimmering surface. The second segment, Knockers, takes place about two weeks later. In the wake of the global event, specialised volunteer teams known as ""knockers"" are sent through the doors on timed research missions, with a strict limit intended to prevent ""door psychosis"". One such team: Vince, Becky and Patrick, enters a door that has appeared above a secluded house. On the other side, they find a distorted copy of the same building. Each member experiences personalised hallucinations and encounters with doubles that exploit their fears and guilt, including visions tied to Becky's anxiety about an unplanned pregnancy and Patrick's unresolved relationship with an ex-partner. As their allotted time runs out, the environment grows more unstable and the team's sense of identity begins to break down, raising doubts about who, if anyone, has truly returned from the other side. The third segment, Lamaj, is set roughly one hundred days after the doors first appeared. Jamal, a reclusive scientist living in a forest cabin, has a door located near his home and has constructed equipment that allows him to communicate with the entity associated with it. The intelligence mimics his speech and identifies itself as ""Lamaj"", a reversed form of his name, suggesting a mirroring of human consciousness. Jamal invites his former colleague Kathy to witness the breakthrough, but she arrives with her sceptical boyfriend Leo, who is more interested in contacting the authorities. As Jamal's conversations with the door grow more intimate and abstract, conflict erupts between the three humans. The encounter culminates in violence and in further evidence that the doors can influence or eliminate people who threaten their purposes. Between and after the main stories, the film is intercut with images of abandoned cities and segments of an online talk show hosted by Martin Midnight. Through his broadcasts and interviews with theorists, it is suggested that the doors are part of a larger alien process that is observing, reshaping or assimilating humanity on a planetary scale. In the closing scenes, Martin himself appears to be affected by the phenomenon, implying that the influence of the doors extends beyond physical proximity and that the transformation of human consciousness is ongoing.",https://en.wikipedia.org/wiki/Doors_(film)
movie_0ca739f99f45329c28a0,Enough! Lebanon's Darkest Hour,2021,documentary film,"Shot over four years and across four continents, the film documents Lebanon's descent into a state of turmoil over recent years. It covers the 2019 October Revolution and includes exclusive interviews with many key political leaders of the past four years, including prime minister Saad Hariri, former foreign minister Gebran Bassil, warlord Dr. Samir Geagea, Hezbollah minister Mohammad Fneich, former justice minister Salim Jreissati and governor of Lebanon's Central Bank, Riad Salame.",https://en.wikipedia.org/wiki/Enough!_Lebanon%27s_Darkest_Hour
movie_c902e8f0ba61988b23fa,Even Mice Belong in Heaven,2021,"adventure film, animated film, comedy film, family film, fantasy film, stop-motion animated film","After a fatal accident, the cheeky mouse Whizzy and the stuttering fox Whitebelly meet again in animal heaven. Once there, Whizzy and Whitebelly find swings, carousels and many other attractions.",https://en.wikipedia.org/wiki/Even_Mice_Belong_in_Heaven
movie_b810b6cf527a14e8d818,Farha,2021,"drama film, historical drama","While other girls are excited about their friend's marriage, 14-year-old Palestinian girl Farha dreams about pursuing education in the city like her best friend Farida. Farha demands this from her father Abu Farha, but he wants her to get married instead. Her uncle Abu Walid asks Abu Farha to consider Farha's request. One night in 1948, a group of local militias visit Abu Farha, who is the village chief and mayor, requesting that he join their fight against the Nakba. He refuses since his main purpose is to take care of his village. During the wedding of Farha's friend, Abu Farha tells her that he had accepted her request to pursue education. While celebrating the news with Farida, Zionist militias attack the village; military speakers order the villagers to evacuate. Abu Farida takes Farha and Farida into his car to evacuate. Abu Farha decides to stay behind and entrusting Abu Farida to look after Farha, although she decides to join her father. Abu Farha takes her back home, arms himself with a rifle, and locks Farha in a store room, telling her to stay hidden and promising to take her when it is safe. For days, while awaiting news from her father, she continues to hear sounds of warfare and is only able to peer through a hole facing the courtyard. A Palestinian family, Abu Mohammad and Um Mohammad and their two young children, enter the courtyard, where the mother gives birth to a baby boy. Farha asks Abu Muhammad to let her out but, before he can, Haganah militias demand the family come out and surrender. Abu Mohammad goes outside. A hooded Palestinian informant working for the Haganah appears to know the villager and tells the commander that Abu Mohammad is from a different village. The commander searches the house for guns and finds Mohammad's family hiding. The family, except the newborn baby, are executed at gunpoint, causing a moral crisis for the informant, who was promised that women and children would not be hurt in exchange for his collaboration. The informant goes to Farha and whispers her name. Farha can see his face briefly through the door, and realizes the collaborator is her uncle. He does not reveal her whereabouts to the militias. The commander asks a young soldier to execute the newborn baby without wasting a bullet. The soldier cannot bring himself to stomp on him and covers the infant in a towel, leaving him to die on the courtyard floor. Farha struggles to open the door to get to the baby. After ransacking the pantry she finds a hidden pistol, which she uses to shoot the door lock and escape the village. Farha (whose real name is Raddiyah) never found her father, whose fate remained unknown but was probably killed during the Nakba. Farha eventually made her way to Syria and told her story which has been passed down through generations.",https://en.wikipedia.org/wiki/Farha_(film)
movie_166ddace0fc08862d9af,Free Guy,2021,"action film, comedy film, fantasy film, science fiction film","Free City is an online game developed by Soonami Studios. Its ""players""—people in real life—wear sunglasses and spend their time fighting each other and causing mayhem. The non-player characters (NPCs) accept the chaos while living out their scripted lives unaware that the world they live in is a video game. These NPCs include Guy, who works as a clerk in Free City's bank with his best friend, security guard Buddy. Unemployed software developer Millie Rusk plays Free City to find proof that Soonami stole the source code from the concept game she developed, Life Itself, which included novel artificial intelligence (AI) techniques for its NPCs. Her friend and co-developer Walter ""Keys"" McKey is reluctant to help, as he now works in technical support at Soonami. Millie's avatar ""MolotovGirl"" catches Guy's attention by singing his favorite song, ""Fantasy"". Guy then begins to deviate from his programming, accidentally shooting a player robbing the bank, and leaving with the player's sunglasses. Believing Guy to be a hacker disguised as an NPC, Keys and his coworker Mouser unsuccessfully try to ban him from the game. Accessing the players' view of the game, Guy visits new areas and meets Millie at vlogger Revenjamin Buttons' stash house, where they attempt to steal evidence leading to her source code. Believing Guy to be a novice player, she advises him to level up. Guy rapidly progresses through the game by completing missions benevolently, standing out from other players and becoming a worldwide sensation known as ""Blue Shirt Guy"". As Keys realizes that Guy truly is an NPC, other NPCs that Guy interacts with also begin to develop self-awareness. However, Free City 2 is due to release in 48 hours and will replace Free City, terminating all of its NPCs. Millie tells Guy the truth about his existence, but he becomes distraught and breaks off contact. Guy eventually realizes that there is something more to an NPC's existence, and goes with Buddy to get the evidence Millie wanted from Buttons, who accidentally glitched through the edge of Free City's map and discovered an older build of Life Itself, recording a video clip in the process. Guy's popularity threatens the plans of Soonami's CEO Antwan Hovachelik to launch Free City 2, so he orders a server reboot which resets Guy's memories. Guy regains his self-awareness when Millie kisses him. Guy recalls the location of an island containing remnants of the Life Itself build and they attempt to reach it before the Free City 2 launch wipes all old content from the servers, rallying the NPCs to go on strike from the game to hinder Antwan. Antwan fires Keys, has every player removed from Free City, and sends an unfinished but extremely powerful Guy-resembling character named Dude into the game to stop Guy. Initially overwhelmed, Guy then puts his sunglasses on Dude, distracting him, and proceeds to the island. Furious, Antwan begins smashing the game's network server racks with an axe in a last-ditch attempt to stop Guy, erasing Buddy and much of the game world, while firing Mouser after he soon realized that he did steal Millie's code. Before he can destroy the final server, Guy manages to reach the island and Millie offers a deal to drop the copyright infringement lawsuit and surrender the Free City franchise's profits to him in exchange for her creation. Antwan agrees to her terms, believing she made a bad deal. Sometime later, sales for Free City 2 slip because of bugs in the code and lagging online play. An embattled Antwan is in the crosshairs, but claims he is a victim of circumstance. Millie salvages her code and along with Keys and Mouser, releases the indie game Free Life, which includes Guy, Dude, and the other NPCs from Free City. Guy reveals to Millie that his code is actually a love letter to her from Keys: during the development of Life Itself, Keys had encoded what he knew about her tastes into an AI routine in the game, which was eventually incorporated into Free City, explaining why Guy felt drawn to MolotovGirl. After Millie leaves the game, she and Keys kiss. Meanwhile, Guy and Dude reunite with Buddy, whose AI algorithm was reconstructed.",https://en.wikipedia.org/wiki/Free_Guy
movie_3a77da4a096e7dba6887,Na blizkom rasstoyanii,2021,drama film,"The film tells about a successful actress who met an unconscious migrant in her house and she decides to take him to her place, but with one condition...",https://en.wikipedia.org/wiki/At_Close_Distance
movie_664a653453bfe629cdf2,The Employer and the Employee,2021,drama film,"Rodrigo (Nahuel Pérez Biscayart), is a young man who is married to Federica (Justina Bustos), with whom he has a very young son who apparently had a neurological problem from birth, for which they decide to do medical tests. Meanwhile, Rodrigo will face another complication: his father (Jean Pierre Noher) asks him to take charge of the ranch, which suffered the loss of two tractor drivers and must go out in search of new employees. This is how he decides to go to the house of a former worker of his father, in a border area between Uruguay and Brazil, but he rejects him due to his age and health problems. However, he suggests that he hire his 18-year-old son Carlos (Cristian Borges). In this way, both begin a friendly relationship that defies all social differences, until one day at work an unprecedented tragedy occurs that puts the friendship and relationships between the families in tension.",https://en.wikipedia.org/wiki/The_Employer_and_the_Employee
movie_75c7bb6ffb6b146734bd,The Forgiven,2021,drama film,"Married couple David and Jo Henninger travel to Morocco in an effort to ease the strain that has been building between them. While traveling up a curve, David accidentally hits and kills a young teenager holding a fossil. After bringing the body of the deceased teenager, identified as Driss, to their friend Richard Galloway's house during a celebration, David agrees to report the death as accidental since he was driving intoxicated. The next day, David travels with Driss's father and interpreter Anouar back to Driss' home where he is buried. Meanwhile, Jo stays behind and engages in debaucheries and activities hosted by Richard. She even has an affair with one of the guests. While traveling back with Anouar, David confesses that he hid Driss' identification despite Jo's protests and admits the accident was his fault. That night, after reuniting with Jo, both she and David leave the party once most of the guests leave. Traveling past the site of Driss's death, they are confronted by his friend who is armed with a revolver. Pressured by a distressed David, the friend shoots David dead, much to Jo's horror, before walking off into the distance.",https://en.wikipedia.org/wiki/The_Forgiven_(2021_film)
movie_de269eb0c995075ee5b8,The Four of Us,2021,comedy drama,"The Four of Us is a relationship drama involving two couples: the aspiring young journalist Janina (Nina) and her husband Ben, a struggling actor; and Janina's best friend Maria and Maria's boyfriend, the estate agent Nils. Four weeks previously, the four had agreed to a partner exchange, whereby Janina lived with Nils, and Maria with Ben, with an understanding that there should be no intimacy. The aim was that each should learn more about what they really want in a relationship. As the film opens, they gather at a holiday house by the beach on the North Sea to discuss their experiences. It soon becomes apparent that all four of them have broken the no-sex rule, and it appears that Ben and Maria are in love, and Janina is pregnant from Nils. Over the next two days they try to find a way of moving forward, other truths emerge, and it becomes clear that all of them have changed in their feelings and expectations of love. Most of the film plays in the house and on the beach, and involves only the four main characters. Secondary characters appear only in the brief scenes in the city at the beginning and end of the film that show the protagonists in their everyday lives: Janina's colleague Anton and her boss Ann-Kathrin; Nils' clients, the family Bolschakow; an actress playing against Ben in a scene from a soap opera; and the staff at a clinic.",https://en.wikipedia.org/wiki/The_Four_of_Us_(film)
movie_291791a7023c7142a461,The Ghost and the Tout Too,2021,comedy film,"In the film, Isla continues to see more ghosts than before and has evolved into a messenger for the dead. She now also has a partner, Makawhy. Isla is sought for by any ghost who has been unfairly killed or who has a score to settle with the living. She eventually encounters Amoke, a ""semi-ghost""; a woman who is in a coma and caught between the worlds of the living and the dead. Finding the person who poisoned her and attempting to awaken her from her unconscious state is isla's main mission, because Amoke only has a few days to live.",https://en.wikipedia.org/wiki/The_Ghost_and_the_Tout_Too
movie_15b1441c6392e83a514b,About Fate,2022,romantic comedy,"Margot Hayes, a realtor, and Griffin Reed, a lawyer, live in very similar homes, at very similar street addresses, in similarly named communities. On December 30, Margot hopes to be proposed to by her boyfriend Kip, so that she might go to her sister's wedding engaged. However, when it does not happen, she walks out. Meanwhile, in the same restaurant, Griffin tries to propose to his girlfriend, Instagram influencer Clementine. However, she insists he do it again for her publicly the next night. He then gets day drunk with his buddies, and when they order a taxi for him, they give the driver the wrong address—Margot's, as hers is very similar to his. Griffin, opening the door with the key left under Margot's flower pot, notices that the cat looks different and the apartment looks strange. However, he is too drunk to care, and falls asleep. Margot comes home to find a naked stranger in her bed. Kip visits her apartment to pick up his tux and sees Griffin putting on his clothes and gets upset, threatening Griffin and leaves. Margot, needing someone to accompany her to her sister's wedding, convinces Griffin to join her, as no one in her family has seen Kip or knows what he looks like. The pair goes to the wedding together. Along the way, they meet an older married couple and make friends with them. The woman gives Margot her pink coat, telling her that thanks to the coat, her husband was able to find her after nearly losing her. After several complications, Margot and Griffin arrive at the wedding where Griffin (claiming to be Kip) becomes an unexpected hit. Unfortunately for Margot, the real Kip shows up, and the whole charade is ruined. Margot and Griffin seem to go back to their respective partners, but realize that they truly care for each other. Margot comes to Griffin's home with the bag that he left at her place. She shows him an old tattoo of a griffin on her shoulder and they fall on his bed together, kissing. A crying Clementine shows up, prompting Margot to leave. The next day, Griffin meets his parents at the same café where he and Margot had met, and they comfort him, saying he has yet to find his true love. Suddenly, he sees the pink coat, and with it, Margot. They share a kiss.",https://en.wikipedia.org/wiki/About_Fate
movie_6061f0d36a278653c8b7,Babe Bhangra Paunde Ne,2022,comedy film,"Jaggi and his friends are portrayed as being on a mission to become rich and successful. They come up with various ideas, such as innovative underwear and machines to instantly produce butter and ghee. They attempt to secure investments from Jaggi's girlfriend Mithi's father, but their efforts fail, leading to Mithi breaking up with Jaggi. They then fixate on the idea of acquiring an elderly man and obtaining his life insurance, allowing them to legally claim money after his death. Disguised as businessmen, they visit an old age home and quickly become close to the residents, all the while searching for someone who appears to be near death. They select Iqbal, whose kidneys have failed and whose liver is infected. After getting him insured, they wait for the paperwork to process. Unfortunately, the old man refuses to die and even wins a marathon race. In desperation, Jaggi decides to adopt another resident, but the plan backfires, leaving him overwhelmed with the entire nursing home of seniors in his rented house, along with their caretaker. During this chaos, Jaggi falls for Preet. When his finances run low, Jaggi approaches an Asian gangster for money, who suggests that he steal the Queen's crown at an upcoming event. Jaggi agrees and enlists the help of the seniors, all without Preet's knowledge. The heist is successful, but Preet discovers the truth, along with a shocking revelation from Jaggi's frustrated friend, Bhullar: the seniors were adopted solely for their insurance money. The group leaves in anger, and Jaggi learns that Iqbal's kidneys have failed. He rushes to the hospital, begs for forgiveness, and offers one of his own kidneys. The film concludes with the group reunited and Iqbal as fit as ever.",https://en.wikipedia.org/wiki/Babe_Bhangra_Paunde_Ne
movie_a71409d177ab3c8bf4ba,Chilli Laugh Story,2022,comedy film,"Enterprising college student and music promoter Coba is working from home like everyone else during the pandemic. The would-be comforts of his situation are disrupted by the constant bickering of his eccentric parents (Ronald Cheng and Gigi Leung). After his paying gig suddenly dries up, Coba happens upon an ingenious get-rich-quick scheme that should also distract mom and dad: bottle and sell his mom’s insanely tasty old-school chili sauce. But online demand unexpectedly outpaces supply, and the whole family must band together to continue cornering the market. Their non-stop slapstick shenanigans spice up the classic Chinese New Year comedy formula, producing a brilliant blend of wacky characters and family team-building that is as scrumptiously mouth-watering as the chili sauce recipe itself. (From New York Asian Film Festival)",https://en.wikipedia.org/wiki/Chilli_Laugh_Story
movie_875834e196ed4f5ead16,Choose or Die,2022,"horror film, thriller film","Hal, a married man with a dysfunctional family who is a collector of retro video games, receives a copy of an interactive fiction computer game called CURS>R. Hal installs the game and starts to play, expecting it to be nothing more than a classic 1980s text-based adventure game. However, when the objects around him begin to interact with the game, he realises it is something more, culminating in his wife Laura cutting out their son Gabe's tongue. Three months later, college student Kayla is working as a cleaner to pay for her studies. She provides new and old technology to her computer-geek friend, Isaac, who in return helps her learn to code so that she can gain sufficient skills for her classes. Kayla's mother, Thea, has become a drug addict after the death of her son Ricky, and also suffers psychological and sexual abuse from her rent collector, Lance, who supplies her with drugs and forces her into prostitution in exchange for not being evicted from her apartment. One day while visiting Isaac after work, Kayla discovers the CURS>R game in his apartment, along with a phone number offering a $125,000 prize. She calls the number and receives a recorded message from the Terror Director telling her to complete the game and insert the number code at the end of it to win the money. Attracted by the offer, Kayla accepts the challenge, thinking it will be easy money, and arranges a deal with Isaac to share the prize. That night, Kayla starts playing the game in a café and discovers that it can interfere with reality in different ways—the game level ending with a waitress eating broken glass and dying. The next day, Kayla tries to stop the game by destroying the tape. She tells Isaac what happened, but he finds her story hard to believe. Later, while Kayla is working a graveyard shift, her mother desperately calls her for help. Kayla discovers that CURS>R has managed to escape to the net and is following her, forcing her to choose ways to save her mother from a giant rat. Thea eventually falls from her bedroom window and, severely injured, ends up in the hospital. Later that night, Kayla goes to Isaac's apartment and together they try to discover the mystery behind the game. They find a sort of code in the sound of CURS>R, in an unknown language, and theorise it is what allows the game to interact with the real world. Together they manage to survive the night after the game exploits Kayla's trauma over the death of her brother, who drowned in a public pool. Isaac and Kayla hack the prize number to a storage facility where the game was created. In recording sessions of the making of CURS>R, they discover that the creator of the game, Beck, found a curse in different symbols and embedded the codes into the game to gain more benefits by using the suffering of gamers. When they discover the code needed, the game traps Isaac and forces Kayla to choose in order to save him, but ends up killing him. The game orders Kayla to ""beat the boss"" and gives her a set of coordinates to follow that lead her to the house of Hal, now an abusive man who tortures Laura and Gabe. Hal explains that he never ended the game and after two levels, it promised to leave them alone if he made more copies of it. The game then orders both Kayla and Hal to fight while reversing the pain that each experiences; i.e., if Hal is hurt, Kayla feels it and vice versa. An intense fight ensues, during which Hal is drowned and Kayla barely manages to survive. Kayla receives the game prize, which enables her to take total control of the curse. She uses this ability to kill Lance, which heals both herself and her mother. It is then revealed that the building in which Kayla worked is owned by Beck, who asks her who is next to suffer. Kayla answers that it will be only the ones who deserve it.",https://en.wikipedia.org/wiki/Choose_or_Die
movie_f10c692ffc21c1f1c1b3,DC League of Super-Pets,2022,"action comedy film, comedy film, superhero film","Superman, who grows up with a Kryptonian Labrador Retriever named Krypto, goes by the name Clark Kent in everyday life. Krypto feels jealous when Superman starts dating Lois Lane, so Superman goes to an animal shelter to find Krypto a friend. A Boxer named Ace tries to escape the shelter, but Krypto stops him. Later, Superman and Krypto spot their archenemy, LexCorp CEO Lex Luthor, reeling in a meteor strapped with orange kryptonite with a tractor beam, intending to gain superpowers. He is easily defeated as the two are aided by the Justice League, formed by Superman himself, Batman, Wonder Woman, The Flash, Green Lantern, Cyborg, and Aquaman. Meanwhile, Lulu, a guinea pig test subject from LexCorp sent to the shelter who is blindly loyal to Luthor, reels in a piece of orange kryptonite with her own tractor beam, which gives her telekinesis and allows her to escape the shelter, setting it ablaze while doing so. Unbeknownst to her, everyone else in the shelter also gains superpowers: Ace is now super-strong and nigh-invulnerable; PB, a potbellied pig, can change size; Merton, a nearsighted turtle, becomes super-fast; and Chip, a paranoid squirrel, gains electrokinesis. Using their new powers, they escape the burning shelter. While at home, Superman and Krypto have an argument when the former plans to propose marriage to Lois. However, Clark is captured by Lulu when she weakens him with kryptonite. Krypto tries to save him, but loses his powers after unknowingly eating a tiny shard of a green kryptonite hidden inside a piece of Jarlsberg cheese. Later, Krypto comes across the shelter pets, who agree to help him. Meanwhile, Lulu gives powers to and recruits a group of guinea pigs, captures the Justice League, and heads to Stryker's Island to free Luthor. The shelter pets try to stop her, but fail miserably; in the process, Lulu taunts Krypto about Clark's engagement plans and even shows him the engagement ring. They regroup in the Hall of Justice, where Ace reveals to a distraught Krypto that he used to have owners as a puppy: a family with a toddler. One day, when the wandering toddler was about to fall down a flight of steps, Ace accidentally bit her arm too roughly to pull her to safety. Upon seeing the bite-marks, the parents assumed Ace attacked her and sent him to the shelter, though Ace stands by his actions and ideals. Encouraged, Krypto leads the pets to LexCorp. While there, a kitten named Whiskers, (who Lulu rescued from the shelter after she set it ablaze the night she and the others gained their powers) who can now create weapons at will, attacks them, but the team traps her. At Stryker's Island, the shelter pets confront Lulu, but put themselves in prison cells when she threatens to kill Krypto. Lulu frees Luthor, who then betrays her and locks her in his cell while freeing Mercy Graves. Lulu breaks out easily and decides to destroy the Justice League and Luthor herself. The Kryptonite shard passes through Krypto's system, restoring his powers. He breaks himself and the other super pets out of prison, and attempts to free the Justice League, but Lulu launches them into space along with Luthor, betraying her remaining henchmen while doing so. In order to stall Krypto, she attempts to kill Lois. However, the other super pets rescue the Justice League while Krypto saves Lois and defeats Lulu, but she absorbs the orange kryptonite, becoming a mutated kaiju-sized version of herself. The League and the pets team up to stop her, but she gains the upper-hand. Realizing Lulu has become too powerful, Krypto decides to use the ""Solar Paw Punch"", a move that can defeat any supervillain, but will kill the user. The attack causes a massive explosion that knocks the kryptonite out of Lulu's system, causing her to lose her powers and return to normal size while Krypto accepts his fate. Ace uses his invulnerability to save him. Shortly after, Lulu's redeemed henchmen, Mark and Keith, trap her in a hot dog stand for her crimes and betrayal. In the aftermath, Krypto allows Clark to marry Lois. The shelter pets, Mark, and Keith get adopted by the rest of the Justice League: Ace by Batman, PB by Wonder Woman, Merton by The Flash, Chip by Green Lantern, Mark by Cyborg and Keith by Aquaman. Sometime later, the pets have formed their own superhero team called the ""League of Super-Pets"". In a mid-credits scene, Luthor is still trapped in his prison asking any passing super-animals to free him, without success. Meanwhile, Lulu is freed by Mercy, who adopts her. In a post-credits scene, Krypto and Superman encounter Black Adam and his dog, Anubis, but Krypto tricks them into flying to Pluto.",https://en.wikipedia.org/wiki/DC_League_of_Super-Pets
movie_b2b484f5d04323c92421,Ditto,2022,romance film,"Kim Yong is a college junior living in the year 1999, and Mo-nee living in the year 2022 is a sophomore of the same university. The two happen to get their hands on an old ham radio. During the total lunar eclipse in 1999 and 2022, the pair is magically able to communicate with one another across time through the radio and begin to talk about each other's love and friendship.",https://en.wikipedia.org/wiki/Ditto_(2022_film)
movie_dc4e4455cbeb0a71c3db,Father & Soldier,2022,"drama film, historical film, war film","During World War I, in 1917, Senegalese Bakary Diallo enlists in the French Army in order to be with his 17-year-old son, Thierno, who was forcibly recruited. Sent to the Western front, they try to find the means to return to Senegal - Bakary through underground contacts and Thierno through the command structure.",https://en.wikipedia.org/wiki/Father_%26_Soldier
movie_ecec3a16bcbc853ec28b,Firestarter,2022,"horror film, science fiction film, speculative fiction film, thriller film","In a flashback, baby Charlene ""Charlie"" McGee sits in her crib, spontaneously setting the room ablaze with her pyrokinesis power and sending her father Andrew ""Andy"" McGee into a panic. In another flashback, a young Andy and his girlfriend Victoria ""Vicky"" Tomlinson talk to a doctor in a clinical trial, who explains to them that they will be injected with the experimental chemical drug Lot-6, which secretly gives them supernatural powers: Andy gains telepathy, and Vicky gains telekinesis. In the present day, Charlie is sitting at the kitchen table after having a nightmare. Her parents join her and Charlie explains that she has been repressing something bad, her powers becoming more unstable. She unintentionally causes a ruckus at her school after exploding a bathroom stall due to anger at being bullied. Andy is shown using his power, ""the push"", to influence a client to stop smoking, although the strain causes his eyes to bleed. Meanwhile, in a secret facility, Captain Jane Hollister, leader of the Department of Scientific Intelligence (DSI), is monitoring thermal signatures caused by Charlie's outbursts. She visits Doctor Joseph Wanless, creator of Lot-6 and the resulting superhumans, who implores Hollister to terminate Charlie before her powers become uncontrollable. Hollister enlists fellow superhuman John Rainbird to assist her. Rainbird visits the McGee home, confronting Vicky, who attempts to counterattack with her repressed telekinetic powers. Rainbird kills her, holding Charlie at knifepoint as she and Andy enter the home. Charlie's powers overwhelm him and she sends a concussive burst of flames throughout the house. Andy and Charlie escape into their truck. On the road, they encounter a man named Irv Manders. After using the push to convince Irv to take them to Boston, they hitch a ride with him, stopping off at his house. After Charlie accidentally stumbles upon his paralyzed wife, Irv flies into a rage before conceding that he occasionally overreacts. Irv sits up all night watching a news report of the incident at the McGee home, which is being framed as murder by Andy. Irv and Andy argue before Andy explains to Irv that he is just trying to protect his daughter. Charlie tells Irv, after speaking telepathically with his wife, that she forgives him for the accident that left her paralyzed, causing him to relent and attempt to protect Andy and Charlie when the police appear due to his prior emergency call. Rainbird appears in the bushes, kills the policemen, and then shoots Irv in the knee before black trucks roll in to pick up Charlie and Andy. Andy uses his push to trick Rainbird so Charlie can escape to a forest. Charlie spends time honing her fire powers before stealing a bike and clothes to follow her father's telepathic message to her from his cell at DSI. Charlie finds DSI and takes an agent's pass card from him, then kills him after he draws his gun to attack her. She follows a large staircase down to the restricted area where her father is being kept. She reaches her father's glass-fronted cell, from inside which Hollister tells her not to try and burn her, lest she burn her father in the process. Andy tells Charlie that Rainbird, not he, telepathically called for her. Seeing no other way out, and knowing that he will die soon, he apologizes to her and then pushes her to burn the entire place down, starting with Hollister and himself. The now-rogue Charlie sets both on fire, mentally unlocks all the security doors, and walks through the facility killing all of the DSI agents. Rainbird is released when his holding cell is unlocked. Charlie is surrounded by men in fire proximity suits, unable to harm them. The men are about to subdue her when Rainbird shoots them from behind. He surrenders to Charlie and kneels for her judgment. Charlie starts to kill him but sees herself in the mirror and, realizing that he is just as much of a pawn as her, she spares him, before finally burning the rest of the building down. Later, Charlie is seen walking onto a beach with Rainbird following behind. With nowhere to go, Charlie allows Rainbird to carry her, and they walk off together into the night.",https://en.wikipedia.org/wiki/Firestarter_(2022_film)
movie_24bb8682c35e0e72899f,Sticking Together,2022,comedy film,"The mayors of two small French towns, from opposing political sides, are glued together by a feminist activist. The forced proximity compels the two men to reconcile their differing views on economic development and ecology.",https://en.wikipedia.org/wiki/En_m%C3%AAme_temps
movie_9549d76f37db9f224d04,The Aviary,2022,thriller film,"Two women escape from a dangerous cult into the New Mexican desert. They fear the cult's charming and controlling leader might be following them. With dwindling supplies and fraying nerves, they must confront the challenge of evading an enemy who seems to haunt their thoughts.",https://en.wikipedia.org/wiki/The_Aviary_(2022_film)
movie_2c309fae20d5d0f5053b,12.12: The Day,2023,"action film, drama film, film noir, historical film, thriller film","On the night of October 26, 1979, following the sudden assassination of Park Chung-hee, military leaders, high-ranking government officials, and unit commanders across South Korea are urgently summoned to Army Headquarters. Among them is Major General Lee Tae-shin, who arrives confused and unaware of the unfolding crisis. Soon after, Prime Minister Choi Han-kyu announces the president's death and, as acting president, declares martial law across the country (except Jeju Island). General Jung Sang-ho is appointed martial law commander and orders an investigation into the assassination, placing Major General Chun Doo-gwang, head of the Defense Security Command, in charge of the probe. As the official government structure falters due to the power vacuum at the top, Chun begins to consolidate power. He manipulates the investigation, sidelines government officials, and misappropriates state funds. Tensions rise between Chun and Jung, who begins to suspect Chun's intentions. Jung warns against military interference in politics and attempts to counterbalance Chun's growing influence by appointing the principled and apolitical Lee Tae-shin as commander of the Capital Defense Command. Although reluctant, Lee accepts the post out of a sense of duty. Chun, seeing Jung as a threat, secretly plots to remove him by falsely accusing him of being complicit in the president's assassination. Chun gathers loyal members of the secretive Hanahoe faction, including longtime ally Major General Roh Tae-gun. They conspire to arrest General Jung on fabricated charges, setting their coup in motion for December 12. On the day of the plot, Chun deceives government officials and mobilizes units under Hanahoe's influence to abduct Jung from his residence. Despite fierce resistance and a shootout that injures Jung's aides, Chun's forces succeed in capturing him. Meanwhile, Lee Tae-shin begins to uncover the scale of the coup and rushes to his command to respond. Lee initiates a counteroffensive by ordering loyal units to block bridges and entry points into Seoul. Though Chun tries to legitimize the coup by obtaining presidential approval, acting president Choi refuses to authorize Jung's arrest without proper procedure. Tensions escalate further when Lee threatens to shell the rebel-held 30th Security Group unless they surrender. Chun's men panic, but at the last moment, Defense Minister Oh Guk-sang, who had been hiding, arrives and orders Lee's dismissal, effectively ending the standoff. With Lee removed, the tide turns. His forces are disbanded, and Chun regains control. Lee, refusing to back down, approaches Chun alone but is arrested. The Hanahoe faction celebrates their success while the loyalist leaders are tortured or detained. Chun ultimately receives the president's retroactive approval for the coup, securing his path to power.",https://en.wikipedia.org/wiki/12.12:_The_Day
movie_d8add0cc673544edbf2f,Air,2023,"biographical film, drama film","In 1984, Oregon-based Nike, Inc. is on the verge of shutting its basketball shoe division down due to low sales. In response to this, Marketing VP Rob Strasser, along with co-founder and CEO Phil Knight, task Nike's basketball talent scout Sonny Vaccaro to come up with a new spokesperson for Nike basketball shoes. While considering the basketball players chosen in the 1984 NBA draft, Nike's executives think third pick Michael Jordan is off limits, being both a fan of Adidas and too expensive for the basketball division's meager budget. However, once Vaccaro watches Jordan's highlights in conjunction with an Arthur Ashe commercial for his Head rackets, Vaccaro becomes convinced that Nike should pursue who he considers a generational talent, with both brand and athlete building off each other. Following dinner with his friend George Raveling, who coached Jordan in the Olympic tournament, and asking for his support in courting the star, Vaccaro travels to Wilmington, North Carolina, where he convinces Michael's mother Deloris that Nike would give Jordan all the attention that he would not receive from his preferred brands Adidas and Converse. After receiving a negative phone call from Jordan's agent David Falk regarding contacting his client's family, Vaccaro learns that the Jordans have scheduled a meeting at Nike's Beaverton, Oregon headquarters the following Monday. Vaccaro and Strasser start preparing their pitch while requesting shoe designer Peter Moore to prepare a prototype, which Moore names ""Air Jordan"" after Nike's Air Sole technology. In the meantime, Knight agrees to assign the basketball division's entire $250,000 budget to sign Jordan. After the meeting with Jordan and his parents is successful, Vaccaro learns that Adidas matched the offer while adding a Mercedes Benz 380SL, and he thinks the deal will not go through. However, Vaccaro receives a call from Deloris, who states that Michael will sign with Nike on the condition he earns a percentage of every Air Jordan sold. Even though Vaccaro thinks the company's higher-ups would not accept this bonus due to industry precedent, Knight goes with it, deeming necessary to ensure the endorsement. An epilogue reveals the Air Jordan exceeded Knight's expectations of $3 million in sales, earning $162 million in one year and becoming a steady source of income for Nike.",https://en.wikipedia.org/wiki/Air_(2023_American_film)
movie_883d688bb54312b25f10,Asphalt City,2023,"drama film, thriller film","Rookie New York City Fire Department (FDNY) paramedic Ollie Cross arrives in the chaotic aftermath of a gang shooting. He triages a foot wound, then is directed to a critically injured victim. Veteran paramedic Gene Rutkovsky leads Cross through the man's treatment but the patient dies during transport. The following day, Cross and Rutkovsky are called to a dog bite injury of a child, which has inflamed tempers at a community gym. Cross tries to defuse the situation by taking the dog away, but a man threatens him at gunpoint and kills the dog. Later, Cross suffers incessant verbal abuse from a junkie being transported to hospital, and helps to perform a difficult tracheal intubation in a butchers. Cross explains to Rutkovsky that he's living in a tiny apartment with two roommates to save money while studying to retake the Medical College Admission Test (MCAT). Cross becomes irate when he finds Lafontaine has put the dead dog in his locker. He goes out to a club and begins a sexual relationship with Clara. Rutkovsky successfully defibrillates a patient, and they good-naturedly take verbal abuse from an older drunk woman. Cross reveals that as a child he watched his mother die in the bath with self-inflicted deep wrist injuries. Rutkovsky talks about overworking, which ruined several of his marriages, and that he was a September 11 responder. Called to a woman injured in a fall, Cross and Rutkovsky discover an obvious domestic assault. They almost come to blows with the victim's overbearing husband when police arrive and intercede. Rutkovsky is reported for accidentally hitting a police officer. He takes leave to be with his young daughter Sylvie before his ex-wife Nancy moves them upstate to live with her new boyfriend. Partnered with Lafontaine, Cross is sent alone to discover a rotting corpse in the bathtub of a decrepit apartment, swarming with flies; the experience affects Cross's relationship with Clara. When Rutkovsky returns, they are called to a shelter for a woman in labor, hoping they might deliver a baby. Instead, they arrive to Nia passed-out after prematurely delivering the baby during a heroin overdose. Rutkovsky says the baby is stillborn and takes it to another room while Cross treats Nia. When she regains consciousness, Nia says that she had been sober during the pregnancy but took heroin due to childbirth pain. Rutkovsky returns without the baby and they prepare to take Nia to the hospital when another paramedic team arrive, find the baby, and resuscitate it. Cross covers for Rutkovsky at a department debriefing and receives a reprimand while Rutkovsky is suspended. The next day, gang members persistently crowd Lafontaine and Cross, interfering with their ability to treat and move a patient. In the ambulance, Lafontaine searches the man and finds illegal drugs, then turns off the man's oxygen. Cross turns it back on, and Lafontaine protests that the drug dealer deserves to die and they can decide who survives transport, implying that Rutkovsky feels the same way. Later, Cross chokes Clara during sex and she severs their relationship. Lafontaine solicits Cross's help in beating a young drug dealer but instead Cross hits Lafontaine, to the latter's encouragement. Cross retakes the MCAT but is distracted by his experiences. He meets with Rutkovsky and they fight over the practice of withholding treatment. Rutkovsky calls Cross a coward for not doing what he knows is right, while Cross counters that denying treatment is tantamount to murder. Cross is partnered with Verdis and they are called to a boy having a painful seizure but his religious father denies treatment. Verdis advises Cross that with the pressures of the job, they have to look out for each other. They are called for a jumper at Rutkovsky's address and they find him dead. Cross has to be restrained by other paramedics, breaks down, and contemplates suicide. A year later, Cross visits Nia at a drug rehabilitation center and apologizes, saying that he became a paramedic for the best reasons but on that day he did the exact opposite. Still working as a paramedic, he breaks protocol to go into a burning building and intubates a girl who he is able to rescue. Later Cross visits the girl at the hospital where her mom thanks him for saving her daughter. Cross is then shown driving an ambulance through the New York City streets, with a message appearing before the credits roll, highlighting the psychological trauma and suicide rates among EMTs and paramedics, dedicating the film to them.",https://en.wikipedia.org/wiki/Asphalt_City
movie_93ef7088e9a6a765f834,Concrete Utopia,2023,"disaster film, thriller film","During 1970s Seoul, apartment construction is booming, technology advances, house sizes expand, and prices skyrocket into billions of won. By December 2023, the city is covered in concrete high-rises, but an unprecedented cold wave and a massive earthquake destroy nearly everything. Amid the ruins, only one building remains standing: Hwang Gung (Imperial Palace) Apartments, where Min-sung wakes up to find Seoul reduced to gray dust and rubble. Inside the surviving apartment, Min-sung and his wife, Myung-hwa, try to adapt. With no power, water, or communication, residents panic while following useless emergency manuals. That night, a mother and child from the neighboring collapsed apartment beg for shelter. Though Min-sung hesitates, Myung-hwa's compassion wins, and they take the pair in. The next day, Min-sung experiences the breakdown of morality as residents begin bartering for goods. Tensions rise when outsiders occupying vacant units refuse to leave upon the return of residents, leading to a violent confrontation and arson. A fire breaks out, and a man named Young-tak bravely extinguishes it, earning admiration and, eventually, election as the new resident leader. Under Young-tak's command, the residents vote to expel all outsiders, justifying it as necessary for survival. The outsiders resist, sparking a brutal clash at the apartment gates that ends with Young-tak's bloody but triumphant defense. Soon, the apartment is reorganized into a seemingly utopian community with strict rules, labor-based food distribution, and security patrols. But unity masks cruelty. Patrols plunder nearby shops for supplies, mercilessly beating survivors, and begin calling outsiders ""cockroaches"". Myung-hwa discovers that some residents, including one named Do-kyun, secretly hide refugees inside. Meanwhile, a woman named Hye-won, a former resident who survived outside, returns. Her arrival unsettles Young-tak. As the community celebrates its stability, the truth about Young-tak unravels. In reality, he is a taxi driver who had been scammed while trying to buy an apartment in Hwang Gung. On the day of the earthquake, he confronted the real Young-tak and accidentally killed him during a fight. When the disaster struck, he assumed the dead man's identity to survive. His secret festers beneath the residents' growing fanaticism. When Myung-hwa and Hye-won uncover the real Young-tak's corpse hidden in his old unit, they expose the impostor before everyone, shattering the illusion of order. The revelation plunges the apartment into chaos. Young-tak kills Hye-won in a fit of rage, but before he can reassert control, the building is attacked by organized outsiders. A violent battle erupts, and explosions tear through the complex. Many residents die, including Young-tak, who crawls back to his unit and dies clutching a family photo. Min-sung and Myung-hwa escape the collapsing building as rain begins to fall over the shattered city. Wandering through the devastated landscape, Min-sung and Myung-hwa find refuge in a ruined church. There, Min-sung gives Myung-hwa a hairpin, a remnant from their scavenging trip, and quietly dies from wounds he sustained during the night. Myung-hwa buries him with the help of other survivors, who invite her to join their community in a collapsed apartment building.",https://en.wikipedia.org/wiki/Concrete_Utopia
movie_3b4f54d2f84548e65ea4,Cuarencena,2023,"comedy film, drama film","A chef and his wife host a soiree in their luxurious colonial apartment despite a nationwide curfew. 7 friends, under quarantine, who will not be able to leave until the curfew is lifted the next morning.",https://en.wikipedia.org/wiki/Cuarencena
movie_e13b2eb5e6fe424b16f4,Demon Slayer: Kimetsu no Yaiba – To the Swordsmith Village,2023,"action film, adventure film, speculative fiction film, thriller film","As Tanjiro Kamado, Zenitsu Agatsuma, and Inosuke Hashibira assist Sound Hashira Tengen Uzui against Upper Rank Six siblings Daki and Gyutaro, they realize only a simultaneous beheading can kill them. The trio successfully behead Daki, but Gyutaro wounds Tengen and stabs Inosuke with his poisonous sickle, retrieving her head. Zenitsu pushes Tanjiro away to save him from Daki's obi slashes, after which Gyutaro mocks Tanjiro for his inability to protect his friends and his demonic younger sister, Nezuko. Gyutaro tries to persuade him to become a demon, but Tanjiro head-butts and stabs him with a wisteria-laced kunai. As he attempts to behead him again, Daki is then attacked by Zenitsu, using the last of his strength to reach her neck. Inosuke joins him, having survived by moving his internal organs upon being stabbed. Gyutaro removes the kunai and nearly kills Tanjiro, but Tengen intervenes and battles him to a standstill. Tanjiro summons his remaining strength, causing a strange mark to appear on his forehead that allows him to slash Gyutaro's neck, while Zenitsu and Inosuke cut through Daki's. After the demons are beheaded, Tengen warns everyone to flee as Gyutaro's body explodes into waves of blood blades that destroy the city. However, Nezuko uses her Blood Demon Art to burn the blades and save those who were poisoned by burning away Gyutaro's blood. Tanjiro and Nezuko find the dying demons arguing about their defeat and insulting their relationship. He implores them to forgive each other in their last moments, just as Daki disintegrates. Gyutaro remembers their human lives before becoming demons as he disintegrates. In the afterlife, they reconcile upon remembering the promise they made to never be apart, walking to Hell together. Serpent Hashira Obanai Iguro arrives and commends Tengen for killing the Upper Rank Six, but Tengen intends to retire as Hashira and tells him about Tanjiro's potential. In the Infinity Castle, Muzan Kibutsuji summons the remaining Upper Ranks – Akaza, Gyokko, Hantengu, Doma, and Kokushibo – and informs them of Gyutaro's death. He admonishes them for their failures and lack of purpose, before sending Gyokko and Hantengu on a joint mission to cripple the Demon Slayer Corps. Two months later, Tanjiro has a dream about someone's encounter with a Demon Slayer from the past that wore the same earrings as him, before waking up from being comatose. While he undergoes rehabilitation, Zenitsu and Inosuke are summoned to individual missions. Because his swordsmith Hotaru Haganezuka has refused to forge him a new sword, Tanjiro must meet him at the Swordsmith Village to discuss the matter in person. He arrives with Nezuko and meets Love Hashira Mitsuri Kanroji. Village chief Tecchin Tecchikawahara reassures Tanjiro he will bring Hotaru back to build his sword. While relaxing in hot springs, Tanjiro and Nezuko encounter Genya, a Demon Slayer from his Final Selection, who angrily rejects Tanjiro's attempt at friendship and storms off. Later, Mitsuri hints at Tanjiro about a ""secret weapon"" hidden in the village that can make him stronger before leaving. The next day, while searching for the weapon, Tanjiro meets Mist Hashira Muichiro Tokito and sees that seemingly with him is the same figure from his dream.",https://en.wikipedia.org/wiki/Demon_Slayer:_Kimetsu_no_Yaiba_%E2%80%93_To_the_Swordsmith_Village
movie_affcc6701d3b7d8bdbe3,Dr. Cheon and Lost Talisman,2023,"fantasy film, horror film","Dr. Cheon and his assistant In-bae arrive at a wealthy household to perform their usual exorcism scam. As always, Cheon shakes his bell (which never rings) and delivers a convincing performance to complete the job and secure a golden toad statue. Back at the office, they store their ritual items and mark the location on a map. A desperate woman named Yoo-kyung offers them 50 million won upfront to investigate her haunted hometown of Goecheon. Despite initial hesitation, the money convinces Cheon to accept. Upon arriving, they find the village shrouded in unnatural fog, full of funeral homes, and a deeply eerie atmosphere. At Yoo-kyung's home, her terrified younger sister is locked away, seemingly possessed. Cheon tries to reassure everyone by shaking the bell again, but this time, it rings for the first time ever. Shocked, Cheon repeats the motion and the bell continues to ring, confirming a real spiritual presence. When he confronts the sister, the entity inside lashes out violently, breaking the bell and activating the broken half of a sacred sword called the Chilseonggeom. The possessed girl attacks Cheon, and the spirit attempts to jump into Yoo-kyung, but is repelled by a mysterious force. Cheon uses the sword to destroy the ghost, and in doing so, shatters a bamboo spirit vessel belonging to the dark shaman Beom-cheon, who now realizes Yoo-kyung is a threat. Beom-cheon's followers report the incident and plan to retrieve Yoo-kyung's spiritual eyes, which allow her to see reversed spells and spirits. Cheon reflects on his past: he inherited spiritual talent from his grandfather, a shaman who once tried to save Cheon's missing younger brother using a talisman. However, Beom-cheon interrupted the ritual, resulting in the deaths of both the grandfather and the brother. Determined to stop Beom-cheon, Cheon became a self-taught shaman. Later, when Beom-cheon tries to steal Yoo-kyung's eyes by possessing her, Cheon intervenes, driving the spirit out and recovering another talisman from Yoo-kyung's sister's pillow. Cheon seeks help from a divine shamaness to locate the other half of the magical trap called Seolgyeong. With Yoo-kyung's spiritual sight, they identify reversed spell markings, which allow them to burn a talisman tied to Beom-cheon. The shamaness reveals that Beom-cheon has long hunted powerful shamans to gain divine power and that Cheon's grandfather nearly succeeded in sealing him. With directions to Mount Yongwol where the remaining Seolgyeong is hidden, Cheon and Yoo-kyung head off, while Beom-cheon learns of their movement and lays a trap. Cheon retrieves the remaining half of the Seolgyeong despite powerful illusions. With the sword fully restored, he battles Beom-cheon but is soon overpowered and loses the weapon. Though Cheon is wounded, reinforcements arrive to distract Beomcheon. Temporarily blinded and delayed by explosions, Beom-cheon is finally sealed by the completed Seolgyeong's chains, which extract his soul. The ritual is completed when the sealing script is read in reverse, erasing Beom-cheon's spirit for good. In-bae offers Yoo-kyung a spot on their team, and Cheon nods in agreement.",https://en.wikipedia.org/wiki/Dr._Cheon_and_Lost_Talisman
movie_fef4b289224d2147ae16,Excursion,2023,drama film,"Iman, who, as her ninth grade class prepares for a field trip, attracts the attention of an older boy. After a game of truths and dares, a rumor spreads through the school that Iman is pregnant and threatens the field trip, Iman finds herself in a storm of expectations and restrictions, and the events she caused spiral out of control.",https://en.wikipedia.org/wiki/Excursion_(film)
movie_2b218e1004e6244ff74a,Forever,2023,"drama film, family film, sport film, teen film","Mila, a 14-year-old football player, is inseparable from her best friend and teammate Kia: ""Mila + Kia forever"" is even written on their cleats. Mila struggles in school and became interested in football after watching her now-deceased father play in Kosovo. At a match, Mila scores but is roughly checked in retaliation. She angrily confronts both the player and the referee before Kia intervenes. After the game, the coach introduces Lollo Wallin, a well-known national team player who has returned to her hometown to coach a junior team. Mila and Kia excitedly watch old footage of Lollo on the bus, where they also notice Kia's crush, Samir. Mila is late to her first practice under Lollo and is punished with laps; Lollo later assigns her to be second-string. Mila is upset and contemplates quitting. Lollo runs demanding drills to show Mila she needs a team to succeed. Mila is told not to return if she will let the team down again. Lollo announces that the team will play in the Gothia Cup. She also tells Mila that her anger is both her greatest strength and her greatest weakness as a forward. As Kia grows closer to Samir and to teammate Shadi, Mila becomes increasingly isolated and devotes herself to training. Her cleats deteriorate, and after lying to Lollo about having replacements, Mila steals a pair from the boys' changing room. Tensions rise when Shadi becomes upset during a drill and is told by Lollo that maybe football is not for her. The girls eavesdrop on an emergency meeting revealing that Shadi's father is leaving the club and that only the boys' team will be sent to Gothia. Mila challenges the boys to play for it. In a short match, the girls defeat the boys, earning the right to go to Gothia. Afterwards, Samir angrily rejects Kia. Following the victory, the girls team are accused of being lesbians. Accused of stealing the cleats, Mila says Kia gave them to her. Kia covers for Mila but is hurt by the betrayal. Mila continues lying about her grades at school and gets her first period. At Kia's birthday party and later at a graduation celebration, tensions escalate between the girls, culminating in a truth or dare kiss that leaves both upset. Mila injures her ankle in a dare. Mila's mother discovers her failing grades and forbids her from going to Gothia, instead enrolling her in summer school. Mila sneaks out to join the team. Playing through her injury, she helps the team reach the semi-finals, though Kia grows frustrated with Lollo's coaching and is benched during the final at Ullevi. After disobeying curfew, Kia is sent home, leading to a confrontation in which Mila claims Kia means nothing to her. Mila's mother arrives during the semi-final, which Mila loses after missing a final shot. At home, Mila dismantles her football-themed room and returns the stolen cleats to Leo. Lollo visits her to apologise and offers her an opportunity for her to try out for a more elite team. Mila reconciles with Kia, who admits she no longer wants to play football and gives Mila her cleats. In the future, Mila plays in a crowded stadium as Kia cheers her on from the stands.",https://en.wikipedia.org/wiki/Forever_(2023_film)
movie_9f430be440ce4a750277,The Curse of Wolf Mountain,2023,horror film,"AJ is a young man who can’t recall the details of his parents’ deaths on Wolf Mountain 20 years ago. His psychiatrist, Dr. Avery, suggests AJ go back to the mountain to try to unlock his repressed memories. Sam (AJ's wife) reveals that she's pregnant. AJ's older brother, Max, gifts him a katana. Sam, Max, Max’s wife Lexi, her sister Emma, and Emma's boyfriend James accompany AJ on the trip to Wolf Mountain. AJ and the others arrive at the rangers' cabin, and Ranger Duffy tells them there is no cell phone service on the mountain. Ranger Dennis warns the group about the legend of a wolf-man in the area, dating back to the 1960s. The group hikes up and makes camp. Two fugitive criminals, Eddie and Joe, are hiding out in the mountains’ woods. They come across the campers and act nonchalant, but the group finds them suspicious. The criminals return to the woods. AJ tells Sam that he has memories of a beast with the face of a wolf and the hands of a man killing his parents, and he fears for his sanity. In the morning, AJ and Sam discover the others' tents are empty. When no one returns after several hours, Sam and AJ decide to hike down the mountain to get cell service. They can’t find a signal and get lost. James runs into them, explaining that he, Emma, Max, and Lexi went on a hike, and James became separated. They eventually find Emma and return to camp. A murderer stalks the mountain, picking people off one by one: he strangles Eddie, kills James with a knife, and impales Emma with a spear. AJ and Sam find Emma's body and run away in terror. They get cell-service and call Sam’s cousin, Ric, for help. However, he can’t understand them because of the poor signal and the call drops. Joe encounters AJ and Sam, and they witness Duffy’s murder. When the trio flees, they find a body covered in leaves and wearing Max’s boots. Ric arrives at Wolf Mountain and searches for AJ and Sam. The murderer captures Ric and begins to torture him. AJ and Sam managed to free Ric. The murderer returns, and Joe dies when his head is crushed by a bear trap. AJ sees that the murderer is wearing a wolf mask; he realizes this is the same person who killed his parents. The murderer stabs Sam, but she gets away. AJ finds her and reassures her that she and the baby will survive. Ric witnesses the murders of park rangers April and Dennis. He reaches his car and drives away to get help. The murderer ambushes Sam and AJ. They restrain and unmask him to reveal Max. He admits to killing everyone, including Lexi. Max, who was adopted, explains that he was abused in foster care. After being adopted, his parents got pregnant with AJ, who was called “the miracle baby,” making Max feel like he didn’t matter anymore. Using the guise of the wolf-man, he killed their parents. Max escapes his bonds and drags AJ to the top of Wolf Mountain, to the same cliff where their parents died. AJ tries to appeal to Max’s humanity, but he is unmoved. AJ fights back, and Max falls off the cliff. AJ returns to help Sam. Months later, Dr. Avery commends AJ on the progress he’s made. Sam has given birth to their daughter, Sarah, and they are a happy family. Ric takes AJ to the airport for a business trip. During the drive, AJ thinks he sees Max in another car. AJ points out Max’s body was never found, so they hurry back to the house. Max shows up at the house and holds Sam at gunpoint. When AJ and Ric return, Max threatens to kill Sam. Ric smashes a glass vase on Max's head, and AJ uses the katana to kill him.",https://en.wikipedia.org/wiki/The_Curse_of_Wolf_Mountain
movie_94f45837fcf9bf7d6f02,1992,2024,"action film, drama film, thriller film","In Los Angeles, ex-con Mercer endeavors to restore his life and relationship with his son as the Rodney King verdict is issued. Meanwhile, in another part of town, a father and son confront their troubled relationship by planning a perilous heist at Mercer's workplace. As tensions escalate and the 1992 Los Angeles riots begin, the two families cross paths.",https://en.wikipedia.org/wiki/1992_(film)
movie_5106714192f10bfaaa6d,Another End,2024,science fiction film,"After Sal loses Zoe, the love of his life, in a car crash, he falls into deep depression. His sister Ebe, who watches her brother with growing concern, wants to help him. She works at Aeternum, a company that offers the new technology ""Another End"" to give the bereaved the opportunity to say goodbye to deceased loved ones in a special way. The memories and consciousness of the deceased, which are stored in the company's database, are fed into a suitable host. The grieving relatives can then interact with the loved one (in someone else's body) in one or more sessions. According to the company's motto, this is intended to enable ""another end"" for them. The brain of the host absorbs the memories of the deceased every time they fall asleep. They forget everything, but this process cannot be repeated indefinitely. At first, neither Sal nor Zoe's parents want to try this method of coping with their pain. Sal blames himself for Zoe's death, as he was at the wheel in the car accident that claimed her life, and tries to kill himself with pills and alcohol. Ebe finds him in time and is able to prevent the attempt. She also manages to convince Zoe's mother to agree to Zoe's ""resuscitation"". Sal also finally agrees after a therapist and colleague of Ebe's tells him more about the process. However, he remains skeptical as to whether he will be able to feel a connection to ""his Zoe"" when she doesn't look like herself. He recognizes Zoe in Ava's body when he follows the therapist's advice and starts an argument with her. He falls in love with her again, is happy and doesn't want to say goodbye to her. He manages to persuade Ebe to give him more time together with Zoe-Ava, even though this jeopardizes her job. However, when the program comes to an end, he doesn't want to stand idly by and watch his newfound love disappear again. He follows the host Ava to her workplace in a strip club and meets up with her several times without revealing that he knows her through the host program. In the process, he learns that Ava has lost her child and is offering herself as a host to escape the daily grind. Since they exceeded the recommended amount of sessions, Ava seems to remember little things from Zoe's past. She finally finds out who Sal is and withdraws. Sal becomes depressed again, but then learns from Ebe that Ava has contacted her and wants to meet up with him again. Ebe is fired from the company because she was resuscitating her brother Sal the whole time, who had already died, as Ebe couldn't handle Sal's death. The Sal/Rental Body and Zoe/Ava wake up together after spending the night together and smile.",https://en.wikipedia.org/wiki/Another_End
movie_42832066dfee16a85639,Babygirl,2024,"erotic thriller, mental health, psychological drama film, psychological thriller film","Romy Mathis, the CEO of a robotic process automation company in New York City, is dissatisfied with her sex life with her husband, theater director Jacob. She is almost attacked by a loose dog on the way to work but a young man named Samuel intervenes. He turns out to be an intern at Romy's company, who picks her as his mentor through the company's mentorship program. When Samuel propositions Romy during a private meeting, she hesitantly gives in and kisses him. Conflicted about the incident, the two later meet at a hotel. Romy expresses concern she may be taking advantage of Samuel due to their power imbalance, but Samuel retorts that he has the power to get her fired ""with just one phone call"". During the ensuing sexual encounter Samuel plays the role of a dominant partner. Romy is deeply conflicted about her enjoyment of the experience, but their sexual affair becomes prolonged and intense. Samuel continues to push boundaries. He appears at Romy and Jacob's country home, ingratiating himself with the entire family under the pretense of returning a laptop Romy left at the office. Feeling disrespected, Romy orders Samuel to never show up at her home again. When Samuel threatens to request a transfer to a different department, Romy realizes it could lead to uncomfortable questions about their relationship. Romy's stress continues to build, and she admits to Jacob she has never experienced an orgasm with him. She convinces Samuel to continue their affair by promising submission. Samuel appears at her house uninvited during her daughter Nora's birthday party, accompanied by Esmée, Romy's executive assistant, whom he is dating. Esmée, aware of Romy's affair with Samuel, implores her to end it, since there are few high-ranking women in the company and Romy should be a respectable role model. Romy confesses her infidelity to Jacob, but describes it as a one-night stand with a stranger. Attempts to express her sexual needs are overshadowed by her confession and he doesn't hear her. Romy retreats to their country house. Jacob arrives later, finds her talking with Samuel, and they fight. Jacob likens female masochism to neurosis or male construct, Samuel calls that a dated idea, and Jacob has a panic attack. Samuel calms Jacob down with an embrace then leaves. Encouraged by her teenage daughter Isabel, Romy decides to reconcile with Jacob. Romy learns Samuel has taken a new job in Japan. A board member implies he knows about the affair and invites Romy to his own house. Romy refuses. Romy and Jacob, with rekindled romance, reenact the type of rough sex that Samuel introduced Romy to. She climaxes while fantasizing about Samuel.",https://en.wikipedia.org/wiki/Babygirl
movie_31c40a7376fae2a5957f,Bhakshak,2024,crime thriller film,"The story of Vaishali, a journalist, who uncovers a dark secret at a shelter home in Munawwarpur, Bihar. She learns about young girls being abused there. Vaishali faces many obstacles as she tries to expose the truth, including threats to her family. With the help of a courageous girl named Sudha and a supportive police officer named SS Jasmeet Kaur, Vaishali fights against the powerful people involved in the abuse. Eventually, justice prevails, and the perpetrators are brought to light. The film sheds light on the importance of standing up against injustice and fighting for what's right.",https://en.wikipedia.org/wiki/Bhakshak
movie_bf7334a45755cb2fa67f,Cash Out,2024,action film,"The film begins with Mason and his partner Amelia executing a car theft at a private plane exhibition. After a police chase, Amelia reveals her identity as an undercover FBI agent and impedes the theft. Mason decides to retire. Three months later, Mason's brother Shawn convinces him to take part in a bank robbery. After taking hostages, Mason and Shawn discover that the bank vault they seek is a trap set by the FBI. Shawn reveals that he and his crew are after a hard drive containing millions of dollars' worth of cryptocurrency. They force the bank manager to open the vault, but it turns out to be a decoy. The manager admits that he doesn't know where the real vault is that contains the hard drive. As the situation escalates, Mason learns that the vault and the hard drive belonging to crime lord Abel Salazar contains not just the large sum of cryptocurrency but also evidence incriminating high-ranking US officials. Mason decides to use the drive to blackmail the authorities to let his crew escape. The military, under Salazar's direction, demand the hostages be released, but Mason refuses to surrender. He and his crew find Salazar's hidden vault, and Mason's tech person, Link, hacks into it. Mason releases the hostages two by two, and asks his crew to surrender as well; only he and Link remain in the vault. Mason detonates explosives in the bank, leading everyone to believe he and Link are killed in the explosion. Amelia resigns from her job. She goes to the island for vacation, and meets Mason there. It turns out that Amelia never betrayed the crew to begin with. The failed car theft was a ruse, to trick the FBI into thinking Amelia was still loyal to the government, so Mason could have a mole within the FBI. During the stand-off in the bank vault, Mason had blackmailed Salazar's lawyer to transfer $500 million to his crew, along with new identities for them. Salazar's lawyer reluctantly agreed, and Mason and his crew retired in luxury from their life of crime.",https://en.wikipedia.org/wiki/Cash_Out_(film)
movie_0ca7a7b8a69d1e5122c2,Checkpoint Zoo,2024,documentary film,"The documentary deals with the 71-day rescue mission to evacuate thousands of animals from Kharkiv’s Feldman Ecopark, which was shelled with Russian artillery during the Russian invasion of Ukraine in 2022.",https://en.wikipedia.org/wiki/Checkpoint_Zoo
movie_d560a14437c046e78cb3,Everybody Loves Jenifa,2024,comedy film,"Jenifa heroically rescues a child from a burning house, earning widespread praise from her community in Amen Estate. Her boyfriend, Shege, admires her deeply and introduces her to his business venture, ""Shege-Jenifa Water."" Meanwhile, Jenifa shifts her focus to her philanthropic foundation, which equips people with vocational skills through partnerships with prominent trainers like celebrity chef Hilda Baci and fashion designer Veekee James. As she is honoured as a humanitarian, her evolution from a bumbling past into a successful businesswoman and philanthropist becomes a source of inspiration for many. However, Jenifa's life takes an unexpected turn when a new neighbour, Lobster, moves into the area. Sophisticated and well-connected, Lobster quickly wins the admiration of the community, overshadowing Jenifa's efforts and threatening her position as the local favourite. Initially welcoming him with her characteristic humour and charm, tensions rise when Lobster dismisses her proposal for collaboration. Her envy grows, and soon her suspicions are confirmed when she witnesses Lobster violently assaulting his wife, Olivia, leaving her in a coma. which after she uncovers Lobster's fraudulent activities, but Olivia's mother, Mrs. Agnes, remains silent due to the financial benefits she receives from Lobster. Determined to seek justice, Jenifa enlists the help of Madam Bassey, a women's rights activist with her own history of overcoming domestic abuse. Despite Madam Bassey's commitment, resistance arises when Lobster's sister-in-law, Ogechi, refuses to testify. As pressure mounts, Lobster resorts to intimidation, even sneaking into Jenifa's room to threaten her. Undeterred, Jenifa organises a cultural festival to rally her community. However, threats from Lobster's associates escalate, forcing her and her friends, including Toyosi and Adaku, to seek refuge at Cordelia's house after surviving an assassination attempt. Events take a thrilling turn during the Eko Fest, where Jenifa and her friends are pursued by Lobster's men. Seeking safety, Jenifa takes a gig in Ghana, hoping distance will provide relief. However, their trip unravels a sinister drug cartel led by the enigmatic Bebe. Their investigation into Lobster's past leads to comedic misadventures, including mistaken identities, awkward encounters, and a bold infiltration of one of Lobster's high-profile events disguised as reporters. Amid the chaos, Jenifa struggles with feelings of inadequacy and growing tensions in her personal life. Her relationship with Shege reaches a breaking point when she declines his marriage proposal, choosing instead to focus on her mission. The stakes rise further when Toyosi confesses her involvement with a dangerous gang led by Sheriff, which draws Bebe and her associates into their lives. Jenifa and her friends are kidnapped and tortured by the gang, but a dramatic police intervention saves them, leading to Bebe's arrest. In a climactic charity gala, Jenifa confronts Lobster in a heated exchange where his insecurities and need for validation are exposed. Moved by his vulnerability, Jenifa chooses to set aside their differences, merging their efforts to create a more impactful organisation. In the end, Jenifa's resilience and compassion triumph. Her journey underscores the power of unity, self-acceptance, and forgiveness. The film concludes with Jenifa and Lobster co-hosting a charity event, symbolising their transformed relationship and shared commitment to uplifting their community.",https://en.wikipedia.org/wiki/Everybody_Loves_Jenifa
movie_8c2082f379e0889df5af,Federer: Twelve Final Days,2024,"documentary film, sport film","On 14 September 2022, after a 24-year tennis career, Roger Federer films his retirement announcement video. The next day, the announcement is released to the public. Federer arrives in London for his final tournament, the Laver Cup, where he will be playing for Team Europe alongside Novak Djokovic, Andy Murray, and Rafael Nadal, under captain Björn Borg. On 23 September, he plays his final match, a doubles match partnering Nadal, his greatest rival, against Frances Tiafoe and Jack Sock. Serving at match point in the deciding tiebreak, Federer commits an unforced error, equalizing the score. Tiafoe and Sock eventually win the tiebreak, and Federer's career is officially completed. Through tears, Federer hugs his teammates amid uproarious applause by the crowd. Nadal is overcome by emotion, knowing that he will never be able to play against his greatest rival again. Federer gives an emotional farewell speech thanking his wife, Mirka, and his entire family. In a final interview, he states that he is happy knowing the profound impact he made on tennis.",https://en.wikipedia.org/wiki/Federer:_Twelve_Final_Days
movie_5a07c74a6f2fbe1d59c2,La bandera,2024,"comedy film, drama film","Aging Tomás (accompanied by biographer Lina) summons his two children Jesús and Antonio, who vie for the hypothetical inheritance. As the siblings find out a huge flag erected on the garden, family strife ensues.",https://en.wikipedia.org/wiki/La_bandera
movie_85f98515e5e0dc28a1a4,The Fall Guy,2024,"action film, comedy film, drama film","Working as the stunt double for action star Tom Ryder, Hollywood stunt performer Colt Seavers breaks his back during a stunt gone wrong and abandons his career and his girlfriend, camerawoman Jody Moreno. Eighteen months later, Colt, now a valet for a small Mexican restaurant, is contacted by Gail Meyer, Tom's film producer. She tells him that Jody is directing her first film, a space opera film titled Metalstorm starring Tom, and that she wants Colt to join the production in Sydney. After arriving on set, Colt learns that Jody never asked for him and is still furious about their breakup, with the film serving as a less-than-subtle attempt to air her grievances at Colt. Gail reveals that Tom has disappeared after getting into trouble with ""very bad people"", so she wants Colt to find him before his absence causes the already-overbudget film to be canceled. Not wanting Jody's directorial debut ruined, Colt agrees. He first goes to Tom's apartment, where he meets Tom's girlfriend and co-star, Iggy. A lead Iggy gives Colt sends him to a nightclub. There he meets drug dealer Doone, who tricks Colt into drinking a cocktail laced with a hallucinogen. After getting into a fight with Doone's henchmen, he visits Tom's hotel room, where he finds a dead body in a bathtub full of ice. When Colt returns with the police, the body has disappeared. As the production of Metalstorm continues, Colt and Jody begin to rekindle their relationship, until Gail abruptly informs him that he must return to the United States. Instead, he continues looking for Tom by tracking down his personal assistant Alma Milan. She hands him Tom's phone, which Tom and Gail had been searching for, before they are both attacked by Tom's head of security, Dressler, and his team, who are looking for the phone. Colt and Alma defeat them after an extended chase through Sydney involving a rubbish truck. He and his long-time friend Dan Tucker, the stunt coordinator on Metalstorm, unlock the phone. On it they discover a video of an intoxicated Tom accidentally killing his most recent stunt double, Henry Herrera (the man in the bathtub), while sparring at a party. The henchmen attack Colt and Dan, destroying the phone with shotgun pellets. Dan escapes, but Colt is captured and brought face-to-face with Tom, who has been hiding out on a yacht per Gail's instructions. He reveals that Gail is framing Colt for the crime using deepfake technology to replace Tom's face with Colt's on the incriminating video. Tom orchestrated Colt's accident because he felt that Colt was stealing the spotlight from him. Henry's body is discovered, and the doctored video is released to the media. Meanwhile, Gail tries to convince Jody that Colt is guilty. He escapes and is presumed dead after a boat pursuit ends in an explosion, but he survives and swims to safety. The next day, Tom arrives at the Metalstorm set, and production continues. Colt secretly returns to the set and convinces Jody of his innocence. Together, they trick Tom into participating in a stunt sequence and confessing while he is wired with a lav mic. Meanwhile, the rest of the stunt team, led by Dan, hold off Tom's bodyguards. Gail steals the recording at gunpoint and tries to escape in a helicopter with Tom, but Jody helps Colt leap onto the helicopter in mid-air. He retrieves the recording and falls onto a crash mat prepared by Dan, while the helicopter crashes with Gail and Tom in it. Metalstorm's trailer premieres at San Diego Comic-Con, with Jason Momoa as the new lead and Alma the film's new producer; the film eventually becomes a box office hit. Colt is exonerated, and he and Jody get back together. In a mid-credits scene, Gail and Tom survive the crash, but authorities arrive to detain them. Tom leaves Gail to be arrested in order to call his agent, accidentally triggering a series of radio-controlled pyrotechnics and blowing himself up. Alma calls Momoa's agent.",https://en.wikipedia.org/wiki/The_Fall_Guy_(2024_film)
movie_6cb21176a6ecade9cb85,Agon,2025,"documentary film, fiction film","As the fictional Olympic Games of Ludoj 2024 approaches, Agon shows the stories of three athletes as they prepare and then compete in rifle shooting, fencing and judo.",https://en.wikipedia.org/wiki/Agon_(2025_film)
movie_e9492f2873492c015a5e,Amrum,2025,"drama film, historical film, war film","1945, in the final weeks of World War II, in a small village on the island of Amrum off Germany's North Sea coast. Twelve-year-old Nanning Bohm, the eldest child in his family, works in the potato fields or gathers driftwood for firewood to help his mother feed the family. She is a staunch Nazi and in the later stages of pregnancy. He, his aunt Ena, and his two younger siblings had to flee to the island from bombed-out Hamburg. Nanning's father is an SS-Obersturmbannführer (lieutenant colonel) and is away at war; his wife is left to fend for herself on Amrum, while the villagers secretly listen to proscribed jazz on the radio. As the war draws to a close, Nanning faces new challenges. Since the birth of his sister and the death of Adolf Hitler, his mother has fallen into a deep depression and refuses to eat. Nanning tries to find creative ways to fulfill her craving for white bread with butter and honey, something he continues to struggle with throughout the movie, as the war has left the island with a severe shortage of all materials. Through bartering, he tries to obtain the coveted ingredients like butter and sugar. The boy gets to know the island, its inhabitants, and the North Frisian language spoken there further. However, while helping with seal hunting and gutting a rabbit, he often experiences close encounters with death. He learns that his uncle Theo, who gave him a whaling knife at birth, was forced to stay in America because of the Nazis, and that they murdered his fiancée, Ruth. Theo appears to him in a dream and confronts him: ""You are not to blame, but you are still involved."" As the younger of the two, he bears no personal guilt for his parents' Nazi past, but he cannot escape their legacy and the questions it raises.",https://en.wikipedia.org/wiki/Amrum_(film)
movie_09b27c4d9f850ee15f69,Anaconda,2025,"action film, adventure film, comedy film","Childhood friends Doug McCallister, Ronald ""Griff"" Griffin, Kenny Trent, and Claire Simons are all dissatisfied with the way their lives have gone. When Griff, a television actor struggling to find work at Sony Pictures Studios in Culver City, reveals that he has obtained the rights to one of their favorite films, Anaconda, the group secures a loan and travels to the Amazon Rainforest in Brazil to make a low-budget indie version of the film, with Doug directing and writing the script and Griff and Claire starring as the leads. The group are joined by snake handler Carlos Santiago and Ana Almeida, a woman who claims to be the daughter of the boat rental operator they've been working with. While filming, Griff accidentally kills Heitor, the semi-tame snake they were using. Griff and Santiago venture into the jungle to find a replacement, but Santiago is attacked by a massive anaconda that terrorizes the jungle. The group finds Santiago's regurgitated body and encounters the anaconda; despite barely escaping with their lives, Doug decides to continue filming and adds Ana as a character in their film. He begins focusing mainly on her, creating friction with Griff. A Sony film crew, which also claims to be remaking Anaconda, passes by. Doug angrily confronts Griff, who admits that he lied about buying the legal rights to the franchise. After an argument, Griff leaves to join the other crew, but arrives there to find the set abandoned and in ruins, the anaconda having killed many of the cast and crew. Meanwhile, Ana reveals herself to be an illegal gold miner on the run from police. She is apprehended by a police officer who has been tracking her, but Griff reappears and shoots the officer in the leg, unaware of his identity. Ana kills the officer, holds the friends at gunpoint, and demands that they gather gold for her until Claire overpowers and disarms her. Then anaconda appears and drags Ana underwater, killing her and allowing the friends to escape. As the friends make their way through the jungle, Doug is swallowed whole by the anaconda. Kenny, Griff, and Claire later discover his body; presuming him to be dead, they use him as bait to distract the anaconda. Doug suddenly awakens as the anaconda is approaching him and narrowly escapes. The friends return to the wrecked Sony film set and encounter actor Ice Cube, who helps scare off the snake and equips the team with weapons before heading out to rescue any surviving crew members. The friends attempt to kill the snake with pyrotechnics, but when that fails, Griff shoots propane tanks with a flare gun to blow up the anaconda, with Doug delivering the final blow to its head. The friends finish their film, but cannot secure theatrical distribution as Sony sends them a cease-and-desist letter. Griff later lands a role on the TV series S.W.A.T. and marries Claire. Doug is visited by Jennifer Lopez, who liked his film and invites him to direct an authorized reboot. Meanwhile, Santiago is revealed to be alive.",https://en.wikipedia.org/wiki/Anaconda_(2025_film)
movie_e6c42f11de76793b33ca,Borderline,2025,"comedy film, thriller film","In 1990s Los Angeles, obsessive fan Paul Duerson arrives at the mansion of pop star and actress Sofia Minor. Paul is under the delusion that he and Sofia are in love and plans to propose. When confronted by Sofia's bodyguard, Bell, Paul threatens suicide with a knife. Hallucinating that Bell is Sofia, he proposes with an imaginary engagement ring. Bell plays along in an attempt to defuse the situation, but Paul stabs him in the abdomen. Six months later, Bell returns to work against the wishes of his young daughter, Abby, who worries for his safety. Bell discovers that Paul has escaped from prison along with fellow inmate Penny Pascal, and warns Sofia. Sofia and her new boyfriend, professional basketball player DeVante Rhodes, are initially confident in Sofia's security team. However, the two argue after Rhodes discovers that Sofia had been asked to befriend him as a potential co-star for her next film, and Rhodes leaves. Arriving at the mansion, Penny kills Sofia's security guard, while Paul breaks in and knocks Sofia unconscious. Meanwhile, Paul's friend and accomplice J. H. Calhoun abducts Abby, Bell, and Abby's aunt Eleanor from Bell's apartment. He shoots Bell in the head and drives Abby and Eleanor to Sofia's mansion. Sofia wakes up locked in the booth of her home recording studio. She tries to reason with Paul, but he remains delusional. Paul leaves Sofia with Penny while he goes to put on a tuxedo. Sofia escapes from the booth and, after a struggle, sets Penny on fire. Paul returns to the studio and finds Rhodes, who had come back to check on Sofia. Continuing to hallucinate, Paul now believes that Rhodes is Sofia. The group is taken to a church, where Paul forces a pastor to perform a wedding ceremony between him and Rhodes as the others (including Sofia) watch perplexedly. Bell, who survived the shooting, finds the church and calls the police. After the ceremony, Paul kisses Rhodes and then stabs him in the side. A struggle then ensues, and Bell and Sofia disarm Paul while a still-alive Rhodes kills J. H. by slitting his throat. As emergency services arrive, Sofia and Rhodes agree to rekindle their relationship and Bell promises Abby that he will find a safer job. Paul, in the back of a police car, hallucinates that he and Sofia are happy newlyweds.",https://en.wikipedia.org/wiki/Borderline_(2025_film)
movie_ab626297240dbed80c2e,Brahma Anandam,2025,comedy drama,"The film follows Brahmanandam ""Brahma"", a middle-class actor, characterized by his sarcastic wit and self absorbed personality. Despite his passion towards writing and performing, he struggles with achieving success financially and within his career. He decides to sign with a renowned agency that guarantees to book him for big shows, for which he needs to procure a large sum of 5 lakhs. But Brahma is broke and is struggling to make ends meet. With all this commotion in his life and his inconsistent career, his girlfriend Tara breaks up with him, leaving him distraught. Amid this crisis, Brahma is reintroduced to his grandfather Ananda Ram Murthy, a novel writer, after 15 years. Murthy is abandoned by his younger son and is forced to live in an old age home. Dissatisfied with his life, he wishes to spend his last days in his native village, so he asks Brahma to come with him. Brahma, neck-deep in trouble doesn't care to help his grandfather. Knowing his grandson's condition, Murthy suggests he can sell their ancestral assets, so that Brahmacan take the money to pursue his dreams. Tempted by this offer, Brahma takes his grandfather to their village. But he missed the fact that Murthy was a writer before. This time, his story is sold. Brahma goes to the village to find out they don't have any assets there. In fact, it's not even their hometown. Murthy tricks his grandson, and then pulls in Brahma to say his main idea. The biggest revelation of it, turns out Murthy is in love with a woman, with whom he stayed in the old age home. And apparently, she is the mother of the village's sarpanch. A typical teenage love story, but it is two old people here, who just need a companion in their end of life. And Murthy asks Brahma to help him out with the issue. This blew Brahma's mind, making him packs his bags to leave for the city. Fate, however, has other plans for him and he is forced to stay on until he completes a huge task given to him by the Sarpanch. In a village that goes to sleep by 7pm, has no internet, no network, and no way of connecting with the outside world other than through an STD booth, he is tasked with uniting a 70-year-old couple. That day, he was so sure he'd be dying single in that village.",https://en.wikipedia.org/wiki/Brahma_Anandam
movie_c7925ae261414cb554c7,Captain America: Brave New World,2025,"action film, adventure film, science fiction film, superhero film","Five months after Thaddeus Ross is elected president of the United States, he sends Sam Wilson and Joaquin Torres—the new Captain America and Falcon, respectively—to Oaxaca, Mexico, to stop the illegal sale of classified items stolen by Sidewinder and his mercenary group Serpent. Wilson and Torres recover the items, but Sidewinder escapes. Torres is excited to be taking on Wilson's former mantle of Falcon, but Wilson is hesitant to involve Torres in dangerous missions due to the pair not having superpowers like former Captain America Steve Rogers. After the mission, Wilson and Torres train with Isaiah Bradley, a super soldier who was imprisoned and experimented on by the U.S. government. Ross invites Wilson and Torres to a summit with world leaders at the White House, and Wilson accepts on the condition that Bradley is also invited. Ross asks Wilson to help him reform the Avengers. During the summit, Ross explains that a new metal, adamantium, has been discovered on ""Celestial Island"", which was formed when the Celestial Tiamut emerged in the Indian Ocean. The recovered items were the first refined samples of the metal and were stolen from a Japanese mining operation. To avoid an arms race, Ross proposes a treaty to govern adamantium's mining and distribution. As he is talking, the song ""Mr. Blue"" plays and causes several men, including Bradley, to begin shooting at Ross and other dignitaries. Apprehended by Ross's head of security, former Black Widow Ruth Bat-Seraph, the men regain their senses and deny any knowledge of the attack. While investigating, Wilson is ambushed by Sidewinder and captures him. Torres tracks a call on Sidewinder's phone to a hidden black site in West Virginia called Camp Echo One. Ross tries to salvage the treaty, but the Japanese government blames him for the theft of their adamantium and the subsequent White House attack. Ross realizes that the mastermind behind these events is Dr. Samuel Sterns, who gained advanced intelligence after being exposed to the blood of Bruce Banner / Hulk during the Abomination's rampage through Harlem. Ross imprisoned Sterns at Camp Echo One, publicly blamed him for the Abomination's actions, and promised to release him if Sterns helped advance him to the presidency. Wilson and Torres find Sterns and learn how he uses technology and the song ""Mr. Blue"" to control minds. He escapes while they are fighting mind-controlled soldiers. Ross sends Bat-Seraph to secure Camp Echo One, where she finds and helps Wilson and Torres. The trio meet with Wilson's military friend Dennis Dunphy, who has Sidewinder in custody. Wilson learns enough from Sidewinder to deduce Sterns's plan to destroy Ross's reputation. Wilson, Torres, and Bat-Seraph go to Celestial Island where Ross and Ozaki, the Prime Minister of Japan, are racing to claim ownership of adamantium. Ross tells Wilson that he is dying of heart failure and had Sterns develop pills that have prolonged his life; Ross refused to release Sterns for fear that he would no longer make the pills, leading to Sterns's anger and plans for revenge. Sterns takes control of the minds of two American pilots and makes them attack the Japanese fleet. Wilson and Torres intercept the planes and convince the Japanese to stand down, but Torres is injured in the fight. Wilson is consoled by his friend Bucky Barnes. Sterns kills Dunphy, who learned that the pills have been adding gamma radiation to Ross's body, and surrenders himself to Wilson. Sterns's arrest and connection to Ross are publicly revealed while the latter is at a press conference. Ross loses control of his emotions and transforms into a red Hulk, destroying part of the White House. Wilson injures Ross enough that he can be reasoned with, and reminds Ross of visits to Washington, D.C.'s cherry blossom trees with his estranged daughter Betty. Ross reverts to normal. After the incident, Bradley is exonerated, Wilson invites a recovering Torres to join the Avengers, and the treaty is ratified. Ross resigns and has himself incarcerated at the Raft, where Wilson and Betty visit him. In a post-credits scene, an imprisoned Sterns warns Wilson of a coming attack from other worlds.",https://en.wikipedia.org/wiki/Captain_America:_Brave_New_World
movie_761a276c8a46098af383,Dead of Winter,2025,"action film, thriller film","After her husband Karl's death, widow Barb sets out to fulfill his last request to have his ashes scattered in remote Lake Hilda in northern Minnesota, where the two had their first date. During a snowstorm as she drives there, she takes an unintended detour to a nearby cabin and asks a suspicious looking man, Camo Jacket, for directions. She notices blood on the snow, which he says is from a deer. When Barb reaches the lake, she sees Leah, a young woman with her hands bound, trying to escape from Camo Jacket, but he retrieves her. Barb returns to the cabin to investigate, finds the young woman chained in the basement, and overhears the man talking to his wife, Purple Lady. Purple Lady finds Barb's mitten outside the house, along with evidence that she had been communicating with the kidnapped girl. They go in search of her. Barb sets up her husband's ice-fishing shack on the frozen lake as a trap. The couple approaches with guns, and Camo Jacket falls through a concealed hole in the ice. Meanwhile, Barb enters their cabin and, failing to free Leah, douses the fire and soaks all of the clothing, blankets and curtains in water. The couple returns, and Purple Lady shoots Barb in the arm before she escapes. Barb returns to her truck, which has had its wiring torn apart. Camo Jacket is hypothermic from falling into the water, so Purple Lady searches for Barb on her own. Barb sneaks back to the cabin and breaks into Camo Jacket's car to use the CB radio to call for help, before he interrupts her. They scuffle, and Barb stabs him in the foot. It is revealed that Purple Lady is a terminally sick hospital employee. Leah, who had been admitted to the hospital after a suicide attempt, is their target to have her liver harvested to save Purple Lady's life, but time is running out. Barb convinces Camo Jacket to drive to the nearest town and get the police before going to the hospital himself. He agrees but on the way is intercepted by Purple Lady. Barb burns her truck to act as a distress signal. Two hunters meet her on the road, and they all drive back to investigate the cabin, but Purple Lady shoots and kills the hunters. Barb finds Camo Jacket dead in her car as a decoy. Barb shoots Purple Lady in the leg, but Purple Lady knocks her out, and Barb awakens chained in the basement with Leah. Barb frees herself, but Purple Lady catches her before they can escape. Purple Lady forces Barb and Leah to accompany her back to the lake at gunpoint. Arriving at a makeshift medical tent in the middle of the lake, Purple Lady forces Barb to duct tape Leah to a surgical bed and hurriedly marks Leah's torso for the liver removal. Purple Lady and Barb fight, starting a fire in the tent, while Leah frees herself, and all three of them escape the burning tent onto the ice. Barb handcuffs Purple Lady to her and drags them both into the icy water. As the wounded women sink to their deaths, Barb releases a metal box of her husband's ashes. Leah, now safe, looks at a photo of Barb and her husband taken on their first date, then walks towards the shore.",https://en.wikipedia.org/wiki/Dead_of_Winter_(2025_film)
movie_5acdc2026d61dfe8680b,Ei Raat Tomar Amaar,2025,family drama film,"Amar Gupta is struggling to come to terms with his wife Jayita's battle with cancer. Despite ongoing treatment, her health is deteriorating. Meanwhile, Amar shares a strained relationship with his son, Joy. Determined to care for his wife alone, he refuses to stay in Kolkata or move to London with his son. Instead, he takes Jayita to their ancestral home in North Bengal. As they reminisce about their journey together, celebrating their golden jubilee anniversary, memories of love, regret, forgiveness and companionship resurface. Over the course of a single night, past emotions and untold stories unfold, revealing that despite the trials and tribulations of life, their love has remained unwavering. Through all the struggles and challenges, their bond has only deepened, standing the test of time.",https://en.wikipedia.org/wiki/Ei_Raat_Tomar_Amaar
movie_a1ba7bd3f1a2ed927ece,Emergency Exit,2025,"comedy drama, road movie, surrealist film","Fourteen people travel in a bus with unknown destination that they cannot leave. In the fiction, all the characters except Marisa Paredes' die.",https://en.wikipedia.org/wiki/Emergency_Exit_(film)
movie_e717e622e4ee8211f213,Exit 8,2025,"psychological horror fiction, psychological horror film, psychological thriller film","While on a subway, a man, credited only as The Lost Man, witnesses another man scolding a mother for failing to calm her crying baby. The Lost Man then receives a call from his ex-girlfriend, informing him that she is pregnant with his child and asking him what to do. He loses connection while trying to exit the station, and finds himself in a deserted, endlessly looping corridor. Reading a set of instructions, the Lost Man learns that he needs to reach Exit 8 by turning back whenever the corridor has an anomaly and moving forward when there is none. Anomalies can range from faces on posters tracking his movements, to blood raining from the ceiling. Any mistake returns him to Exit 0, resetting his progress. Upon reaching Exit 5, the Lost Man receives a call from his ex, who continues to implore him to help her reach a decision. He relays the altercation on the train that he had witnessed, recounting that nobody defended the woman, and tearfully confesses that his failure to stand up for her makes him feel unfit to be a father. His ex then appears in the corridor, revealing her to be an anomaly and thus sending him back to Exit 0. Eventually, the Lost Man meets the Boy, a small child who had been following the Walking Man, an unresponsive entity the Lost Man sees walking down the corridor in every loop. The Walking Man used to be similarly lost, but became part of the loop after abandoning the Boy for a false Exit 8. Although initially mute, the Boy proves highly perceptive, and with his help, the Lost Man makes steady progress. The Boy gradually opens up to him, confessing that he ran away from his mother, and gives him a gastropod shell for good luck. Upon reaching Exit 6, the corridor is suddenly flooded. After having a vision of himself, his ex, and their son—revealed to be the Boy—at a beach, the Lost Man tries to save the Boy, holding him above the water and comforting him before he himself is swept away. After regaining consciousness, the Boy turns the corner to Exit 8. The Lost Man appears a short while later; initially doubtful on whether it is the real Exit 8, he sprints toward it upon remembering the Boy's shell. This returns him to the real world, where he calls his ex, promising to meet her at the hospital. He enters the same crowded train he had taken earlier and once again witnesses the man berating the mother and her crying child. However, this time, the Lost Man turns to confront him.",https://en.wikipedia.org/wiki/Exit_8_(film)
movie_4f576f608703bdf441fc,Girls on Wire,2025,drama film,"The film follows the journey of two estranged cousins over 20 years, exploring their evolution and redemption. After a desperate escape from a drug den, Tian Tian seeks refuge with her cousin Fang Di, whom she hasn't seen in five years. However, Fang Di, hardened by a life of struggles and broken dreams, is reluctant to reconcile. As danger looms with criminals closing in, their fates become inextricably linked once again.",https://en.wikipedia.org/wiki/Girls_on_Wire
movie_cec9373bec5c89708c33,The Dynasty,2025,documentary film,"Direkt36, Válasz Online , Telex, and Forbes journalists discuss the enrichment of István Tiborcz, the son-in-law of former Hungarian Prime Minister Viktor Orbán, what the precursors to this were as early as the 1990s, how Orbán and Lajos Simicska played a role in this, and how public procurements that the European Union's inspectors considered to be severely unlawful played a role in this. In the film, Eva Vajda recounts the so called Fidesz headquarter case, where the party received real estate and sold it immediately to relatives to establish intransparent businesses, and the Kisfaludy tourist development program. Hungarian-American journalist Bence X. Széchenyi, descendant of Hungarian nobleman and statesman Ferenc Széchényi, secretly recorded his attempt at applying for admission to Tiborcz's elite club, Botaniq Budai Klub, which was opened in 2023. A staff member showed him around, and told him that the club has around 170 members, that the point of the club is that ""whatever happens here stays here"", and that illegal gambling is taking place. The entrance fee was €4000 and the membership fee was €8000 per year. Széchenyi said that compared to other membership clubs that he visited, the prices here were ""ridiculously high"". The end of the film shows the reply of the club's owner, where they denied that illegal gambling is taking place, and the reply of Tiborcz, where he said that his success is ""mainly due to the fact that I work with a good team of excellent managers with whom we make good business decisions"".",https://en.wikipedia.org/wiki/The_Dynasty_(2025_film)
movie_3a6b75ac2f8b5b024841,The Electric State,2025,"action film, adventure film, drama film, dystopian film, science fiction film","In an alternate 1990, a war between humans and robots has left the world in disarray. With the help of Sentre CEO Ethan Skate, who developed Neurocaster technology that allowed humans to upload their minds into drone robots, humanity managed to win the war, while robots were banished to the Exclusion Zone. However, the success of this technology meant many people opted to live their virtual lives in a semi-vegetative state while drones did most of the work. In 1994, teenager Michelle lives with her deadbeat foster dad Ted. Years earlier, she was involved in a car crash along with her family, in which her parents and brother reportedly perished, and has since lived with a succession of foster families. Michelle is also having trouble at school due to her refusal to use Neurocaster technology to participate in virtual classes. One day, the sentient robot Cosmo – a robot character of the cartoon of the same name which Michelle's declared-deceased younger brother Christopher, who was a child prodigy, watched – finds Michelle. He is only able to communicate using gestures and a limited set of pre-recorded words, but manages to convince her that he is controlled by Christopher. Michelle and Cosmo set out across a dystopian landscape to find him by first finding Dr. Clark Amherst, the doctor who confirmed Christopher's death. Along the way, they encounter Keats, a veteran, and Herman, a sentient robot who is able to take on multiple forms. Together, they eventually meet up with a band of robots in the Exclusion Zone led by Mr. Peanut. There, they find Dr. Amherst and his robot friend P.C., who explains that Sentre found Christopher in a seemingly permanent vegetative state after the accident and discovered that they could create the Neurocaster technology by exploiting Christopher's exceptional intellect and integrating his consciousness into the Neurocaster; this technology was instrumental in giving humans an advantage in the war against the robots. However, after Christopher unexpectedly came out of his coma thirteen months later, a remorseful Amherst built a way for his mind to escape. Sentre drones, under the command of Colonel Bradbury, attack and recapture Christopher, killing Amherst and destroying the robots' home. Determined to rescue her brother, Michelle and P.C. infiltrate Sentre's headquarters with the help of Keats and Herman, while the other robots wage war with Skate's drone army. Disgusted with Skate's actions, Bradbury defects and helps Peanut to confront Skate while Michelle discovers Christopher in a comatose state, his consciousness trapped within the Neurocaster system. In the virtual realm, Christopher explains to Michelle that his consciousness is powering Skate's drones, and expresses his desire to be freed from his exploited existence. Michelle disconnects him, resulting in his physical body dying. Christopher's death triggers the shutdown of Sentre's drone operations. In the aftermath, Skate is arrested and the world begins to rebuild from the devastation wrought by the war and corporate greed. Michelle then broadcasts to the world exposing how the Neurocaster technology has affected people's lives and inviting those who wish to live in peace to the Exclusion Zone. Cosmo's body is dumped in a junkyard, but he is shown rising up, suggesting that a part of Christopher's consciousness may still reside within the robot.",https://en.wikipedia.org/wiki/The_Electric_State_(film)
movie_64ea6b769452cbd1a5e4,The Ghost Game,2025,horror film,"Ja-young is haunted by guilt over her missing older sister. While filming a video for a contest, she and her friends perform a forbidden summoning ritual said to answer any question, but the ritual soon spirals out of control which leads them into terrifying incidents.",https://en.wikipedia.org/wiki/The_Ghost_Game
movie_5d7e4b58528e5c62700a,The Good Luck,2025,"adventure film, drama film","Fleeing from something, architect Pablo gets off the train on the village (and former bituminous coal mining site) of Pozonegro, coming across colourful characters such as Raluca, who also keeps a secret.",https://en.wikipedia.org/wiki/The_Good_Luck
movie_6422b6786f7bb3d44240,A Common Story,2026,"drama film, romance film","Erika and Mauro live a quiet life in the countryside with their daughter, Irene. Their days are built around simple routines and familiar habits. When Irene leaves home to study abroad, the house suddenly feels empty, and the couple's peaceful life begins to change. Erika struggles to find meaning in her new life. Mauro, shaped by a strict and authoritarian father, tries to cope with the emptiness. As they struggle with this new reality, old wounds and forgotten desires come back to the surface. The crisis makes Erika and Mauro realise the truth that they must learn to truly see and understand each other and rebuild their relationship and their love.",https://en.wikipedia.org/wiki/A_Common_Story_(film)
movie_fa0118c6f4edaf7d1d10,A-Men to That,2026,musical film,"Three former male models, past their commercial prime and facing a collective midlife crisis, decide to form a ""man band"" aimed at adult women. Their attempt to launch a music career takes them through modeling jobs, singing and dance lessons, and a shopping mall performance. The film draws on biographical details from its cast, including Schenkenberg's past relationship with Pamela Anderson, which forms part of his character's backstory.",https://en.wikipedia.org/wiki/A-Men_to_That
movie_ffc0cbb3431cdf2b2ce2,Border 2,2026,"action film, epic film, war film","The film begins on 28 November 1971, when an armed group of Pakistani army scouts are reconnoitring an Indian Army post in Jammu and Kashmir near the border. They are intercepted and neutralized by Indian Army Lt Col Fateh Singh Kaler and his soldiers. Fateh recovers reconnaissance maps and other vital intelligence from the killed scouts and shares these findings with his CO at their regiment's HQ. From this data and prevailing circumstances, he infers that a full-scale India–Pakistan war is imminent and that the ultimate outcome will be decided on the western front. During this same window, Indian Army Major Hoshiar Singh Dahiya is posted in the Pathankot district in Punjab near the border; Indian Air Force Fg Offr Nirmal Jit Singh Sekhon is stationed at the Air Force Station in Srinagar district; and Indian Navy Lt Cdr Mahendra Singh Rawat is deployed aboard a frigate in the Arabian Sea near the Diu coast. The story then flashes back to 1961 at the National War Academy, where the disciplined and strict Major Fateh Singh Kaler trains a new batch of tri-service officer cadets. There, they must endure three years of gruelling, common military training and undergraduate education before advancing to a final year of specialized instruction at their respective branch academies (Army, Air Force, and Navy). Under his rigorous supervision, three recruits – Hoshiar Singh Dahiya (Army), Nirmal Jit Singh Sekhon (Air Force), and Mahendra Singh Rawat (Navy) – develop an unbreakable personal bond. Fateh pushes them to their absolute physical and mental limits, deeply embedding the vital tenets of unified tri-service coordination and selfless dedication to the nation. In 1965, Lt Col Fateh Singh Kaler suffers a devastating personal tragedy when his only son, Indian Army Captain Angad Singh Kaler, is killed in action during the India–Pakistan war of 1965. The loss creates a profound emotional rift between Fateh and his grieving wife, Simi. Struggling with internal sorrow, Fateh suppresses his grief to maintain his military commitment, ultimately accepting a deployment back to the frontlines. Six years later, in mid 1971, geopolitical tensions culminate in active military mobilization along the border. Midway through Nirmal's wedding celebration at his village, Isewal, in Punjab, the three former academy peers are abruptly recalled to their respective units. Hoshiar bids farewell to his pregnant wife, Dhanwanti; Nirmal parts from his newly wedded bride, Manjit; and Mahendra leaves behind his wife, Sudha, and their young daughter. Deployed across separate branches of the Indian military, Major Hoshiar Singh Dahiya takes command of a company belonging to the 3rd Battalion of The Grenadiers Regiment in the Pathankot–Jammu sector. Meanwhile, Fg Offr Nirmal Jit Singh Sekhon joins the Indian Air Force's No. 18 Squadron in Srinagar, and Lt Cdr Mahendra Singh Rawat is assigned to the Indian Navy's 14th Frigate Squadron in the Arabian Sea. In early November 1971, full-scale war seems imminent, but with a substantial portion of the Indian military apparatus concentrated on the eastern theatre in East Pakistan, the western front is left structurally vulnerable with limited manpower and resources. In the present timeline, the conflict escalates into a full-scale war on 3 December 1971, when Pakistan launches Operation Chengiz Khan – a series of preemptive aerial strikes targeting north–western Indian airfields, followed by coordinated ground and naval offensives. Concurrently, Fateh assumes command of the 6th Battalion of the Sikh Regiment and is ordered to take charge of Chak Peeran, a strategically vital Indian Army post across the crucial Mandiala Bridge in the critical Manawar Tawi region of the Jammu–Chumb sector. Upon arrival, Fateh discovers that the post has been seized by a Pakistani company under the command of Major Rasheed, who has brutally executed the captured Indian defenders. Fateh leads his battalion in a fierce counter-attack, defeats the occupying forces, kills Rasheed, and successfully recaptures the post. On 9 December 1971, 40 nautical miles off the Diu coast, the Pakistani submarine PNS Hangor stalks and attacks Mahendra’s frigate in the treacherous depths of the Arabian Sea. Mahendra immediately orchestrates a high-stakes naval duel against the enemy sub. When catastrophic torpedo strikes rip through his frigate, engulfing it in flames, Mahendra refuses to abandon his post. As the vessel takes on water, he calmly coordinates the evacuation of his crew, saving dozens of lives. With the deck slipping beneath the waves, he executes one final, defiant act of duty – launching a decisive depth charge strike that neutralizes the enemy threat. Honouring the highest naval traditions, Mahendra chooses to go down with his ship, cementing his legacy in the depths he defended. On 14 December 1971, as bombs rain down during an active Air attack on the Srinagar Airbase, Nirmal single-handedly scrambles his Folland Gnat Lightweight fighter into the smoke-filled skies of the Kashmir Valley. He immediately charges into a wave of six state-of-the-art enemy F-86 Sabre Air-superiority fighter jets. Outnumbered six to one, Nirmal executes a series of breathtaking, razor-sharp aerial maneuvers, turning the sky into a desperate shield for the vital base below. He successfully hammers the enemy formation, scoring direct hits on five Sabres and destroying them. However, the sheer weight of numbers catches up to him. During a dogfight with the final Sabre, he manages to shoot it down, but his fighter jet sustains fatal damage from the onslaught. At a critically low altitude, the aircraft plunges to the ground, killing him in action. His supreme sacrifice saves the airfield from certain destruction. On the evening of that same day, the radio relays news of the martyrdom of Nirmal Jit Singh Sekhon and Mahendra Singh Rawat, along with the soldiers who fell a few days earlier in another fierce battle fought at Longewala. Hearing the tragic news of the loss of his closest friends, Nirmal and Mahendra, Hoshiar is deeply saddened and overcome with grief. On the mainland, between 15 December and 17 December 1971, the ground war intensifies across multiple sectors. The Pakistani army launches a large-scale offensive at Manawar Tawi to recapture Chak Peeran and the crucial Mandiala Bridge from Fateh and his battalion. Facing a massive ground offensive of infantry and tanks led by Pakistani commander Lt Col Zaheer Khan, Fateh utilizes defensive fortifications and disciplined artillery coordination to hold the line. Despite sustaining heavy casualties and facing dwindling ammunition, Fateh rallies his remaining men to counter a final enemy breakthrough attempt. Employing clever anti-tank tactics, he personally orchestrates the destruction of the advancing armour, culminating in a fierce hand-to-hand combat sequence. After an intense and grueling engagement, Fateh’s unit breaks the enemy assault, neutralizes the advance, and captures Zaheer Khan as a prisoner of war. This secures a decisive victory at the Battle of Manawar Tawi, effectively halting the enemy's strategic push into Jammu and Kashmir. Simultaneously, some 60-65 kilometres away from Fateh's location along the frontline, Hoshiar’s infantry company launches an offensive to capture an enemy stronghold at Bara Pind (Jarpal) in the Shakargarh salient, across the Basantar river in Punjab, Pakistan. Facing overwhelming artillery shelling, heavy MMG fire, and a deeply entrenched infantry defense, the assault quickly devolves into an intense trench battle characterized by brutal hand-to-hand bayonet combat. Undeterred by mounting casualties, Hoshiar moves from trench to trench, personally clearing several enemy bunkers despite sustaining severe injury. Hoshiar fights gallantly and successfully leads his company to an initial victory, securing a vital foothold that allows the regiment to consolidate its position against future enemy counter-attacks. However, unknown to them, a second, large armoured company commanded by Lt Col Khalid has advanced rapidly toward their position. The relentless enemy shelling and advancing tank columns eventually overwhelm the initial Indian defensive forces, leading to severe casualties. Fresh off his victory at Manawar Tawi, Fateh receives word of the desperate situation at Bara Pind. He immediately mobilizes his remaining forces and marches to the sector, arriving just as the situation grows precarious. Fateh steps directly onto the chaotic frontline to reinforce Hoshiar and his company, where he kills Khalid during the height of the clash. Utilizing anti-tank weaponry, precise strategic positioning, and close tank support, Fateh and Hoshiar launch a fierce counteroffensive. Together, they turn the tide of the battle, neutralizing the remaining hostile armoured columns and forcing an enemy retreat to secure the western border. The ground offensive ends on 17 December 1971 with an official roll call back at the base. Standing before the remaining men, the weather-beaten but resolute Fateh and Hoshiar pay formal military tribute to the fallen heroes of the Battle of Basantar. The film concludes on a solemn note as a grief-stricken Fateh visits a Gurdwara to offer prayers for the fallen soldiers. Amidst the poignant atmosphere, he remembers their valour and salutes the profound sacrifice of the martyrs, underscoring the heavy human cost of protecting national sovereignty.",https://en.wikipedia.org/wiki/Border_2
movie_69f00f6b05692b1383f1,Brace Your Heart,2026,"drama film, romance film","Ejva, a 20-year-old living in a Sámi mountain village, inherits her father's reindeer herd. She tries hard to keep the animals healthy, and the local leader, Heaika, starts to fall in love with her. She isn’t sure she feels the same, but she feels pressured to agree. When Heaika’s cousin Nejla arrives, Ejva experiences real love for the first time. Heaika’s jealous response leaves her with shaking hands that threaten her work. Ejva must fight to regain her independence and shape her own future.",https://en.wikipedia.org/wiki/Brace_Your_Heart
movie_5d37cdeef401fdbc678f,Colony,2026,"horror film, zombie film","Scientist Seo Young-chul warns the police that he will launch a bio-terrorist attack at the Dongwoo-ri Building, then injects himself with the supposed vaccine to his mutated slime mold bioweapon. Meanwhile, Chains Bio is holding a presentation in the building, where CEO Kang Woo-chul demonstrates the slime mold's cell-regeneration capabilities. Kwon Se-jeong, an ostracised and unemployed professor, attends after being invited by the company, hoping to secure a job through her ex-husband Han Gyu-sung, who is preparing to emigrate overseas. Security guard Choi Hyun-seok is also at the building with his mobility-impaired older sister, Hyun-hee. After the presentation, Young-chul confronts Woo-chul in a third-floor VIP room, accusing him of plagiarising his research before injecting him with the slime mold. Woo-chul rapidly mutates and infects nearby employees, triggering an outbreak. Counter-terrorism team leader Lee Bong-seok arrives with his squad, but the building is placed under lockdown, trapping them inside. Se-jeong, Gyu-sung, Hyun-seok, Hyun-hee, Bong-seok, school bullying victim So-eun and several civilians become trapped in the shopping mall. During their escape attempt, Gyu-sung dies saving a delinquent female student. Se-jeong discovers that the infected possess advanced swarm intelligence, sharing sensory information through mycelium and rapidly evolving after each failed attack. When Bong-seok reveals that Young-chul caused the outbreak and possesses the vaccine, the group heads to the third floor to find him. Using perfume and antifreeze to evade the infected, they activate the fire sprinklers, temporarily paralysing the slime mold, and locate Young-chul before heading towards the 30th floor for evacuation. However, they discover that Young-chul can see through the infected's perspectives. He ambushes them and escapes, killing several survivors. Meanwhile, Gyu-sung's wife, Gong Seol-hee, joins a research team investigating Young-chul's laboratory, established after his dismissal from Chains Bio. Infected monkeys escape and attack the researchers. When a SWAT officer kills monkey #1, the rest of the horde suddenly freezes. The survivors move to the underground control room to find Young-chul. Hyun-hee stays behind, using CCTV monitors and a group chat to guide them safely. They find Young-chul, who deliberately allows Woo-chul to bite him, gaining complete control over the infected. During an argument, Bong-seok accidentally reveals the control room's location, allowing Young-chul's horde to overrun it. Hyun-hee deliberately gives false directions so Hyun-seok can escape and is killed. Devastated, Hyun-seok vows revenge and reveals the survivors' location over the intercom. The survivors splinter. Bong-seok shoots a civilian to use as bait but is mauled to death alongside him. The delinquent student betrays So-eun by pushing her into the horde, but So-eun bites her to death after becoming infected. Hyun-seok confronts Young-chul, who summons the infected Hyun-hee. Broken by his sister's death, Hyun-seok stops resisting and is killed by her. Young-chul confronts Se-jeong and reveals that he invited her to the event for revenge: she had exposed his father for embezzlement, leading to his father's suicide. A SWAT team breaches the area and detains Young-chul, but the officers are infected and become his guards. Young-chul escapes with them and unleashes the infected in the city centre, spreading the outbreak. Guided by Seol-hee over the phone, Se-jeong disguises herself with a mycelium-covered jacket taken from a corpse and drives towards Young-chul. She throws the jacket over an infected person, causing hundreds of infected to form a collective, spinning ant mill. The resulting sensory overload crashes their shared system, reducing all the infected to a primitive state. Se-jeong hides beneath a bus while the disoriented horde attacks its advertisement, inadvertently pushing Young-chul into a burning car, where he dies. His death causes every infected person across the city to freeze. With the only supposed vaccine gone, Se-jeong leaves the area and discusses with Seol-hee how to explain the infection to the public. As she walks away, however, one of the frozen infected suddenly moves.",https://en.wikipedia.org/wiki/Colony_(2026_film)
movie_7f430f0603d2354e71f9,Cool Books,2026,comedy drama,"The plot is set in Madrid. 40-year-old wannabe novelist Hilario earns a living by working at the Andrea-owned small bookstore La Ménsula, while embracing a cynical and indifferent persona. After Andrea's decision to sell the premises and upon meeting a girl at a party, his monotonous life is upended.",https://en.wikipedia.org/wiki/Cool_Books
movie_715d81e9ce76e2e901ab,Hadestown: The Musical,2026,musical film,"The Greek god Hermes welcomes the audience to the show, introducing the story, characters, ensemble, and band (""Road to Hell""). Eurydice and the Fates describe Eurydice’s cynical worldview as well as the harsh weather and famine (""Any Way the Wind Blows""). Orpheus, Hermes' ward, introduces himself to Eurydice and abruptly asks her to marry him (""Come Home with Me""). Eurydice is doubtful, as they both live in poverty. Orpheus tells her that he is writing a song to make spring come again, and they will no longer have to endure hardship (""Wedding Song""). Prompted by Hermes, Orpheus tells the story of Hades and Persephone (""Epic I""). Persephone arrives in the world above and celebrates summertime (""Livin' it Up on Top""), while Eurydice begins to fall in love with Orpheus (""All I've Ever Known""). Hades comes early to collect Persephone, who voices her misery at having to return to Hadestown, Hades' underground factory. Despite hearing about the never-ending labor endured by the factory workers, Eurydice is intrigued by the Fates' rich praise of Hadestown, and its promise of protection (""Way Down Hadestown""). The cold weather returns, and Eurydice searches for food and firewood, urging Orpheus to finish his song (""A Gathering Storm""). Orpheus continues working on his song (""Epic II"") as Eurydice becomes more desperate as times grow harder. After Persephone and Hades argue (""Chant""), Hades leaves Hadestown to find someone who will appreciate its safety and security. He comes across a desperate Eurydice, who has become caught in a snowstorm, and invites her to come to Hadestown (""Hey, Little Songbird""), and the Fates urge Eurydice to join him (""When the Chips Are Down""). With the cold surging and an empty stomach, Eurydice sees no other choice except to follow Hades. She bids goodbye to the preoccupied Orpheus and heads to Hadestown; the Fates chastise the audience for judging her for choosing self-interest over love (""Gone, I'm Gone""). Orpheus realizes Eurydice is missing and resolves to rescue her from Hadestown. Using Hermes' instructions, he travels to Hadestown the long way without the use of the train (""Wait for Me""). As Hades revels in his power and dominion over the denizens of his realm (""Why We Build the Wall""), Eurydice arrives in Hadestown and signs a contract to become a worker in Hadestown. Persephone sings to the patrons of a speakeasy that she runs behind Hades's back (""Our Lady of the Underground""). Eurydice begins to recognize the consequences of her choice to go to Hadestown: she will become a forgotten laborer and can never leave unless Hades lets her go (""Way Down Hadestown"" (reprise)). Regretting her decision, she begins to forget her life and the world above (""Flowers""). Orpheus arrives in Hadestown and promises Eurydice that he will take her home (""Come Home with Me"" (reprise)). Hades tells him that Eurydice willingly signed the contract and orders the workers to attack Orpheus (""Papers""). The Fates tell him to give up hope (""Nothing Changes""). Orpheus vows to find a way to free Eurydice, rallying the workers and catching Persephone's attention in the process (""If It's True""). Persephone is inspired by Orpheus's determination and pleads with Hades to let Eurydice go (""How Long?""). While the workers begin to question the freedom they were promised, Hades challenges Orpheus to sing his completed song, threatening to kill him afterwards (""Chant"" (reprise)). Orpheus sings his song, reminding Hades of his love for Persephone (""Epic III""). Hades and Persephone reconcile with a dance (""Epic III ('They Danced...')""), after which Orpheus and Eurydice promise to stay together no matter the difficulty (""Promises""). Orpheus asks Hades if they may leave, and Hades tells him that he has not reached a decision. The Fates taunt Hades for his dilemma: If he kills Orpheus and keeps Eurydice captive, they become martyrs, but if he lets them go, he loses control over his workers as they have begun to agitate for their freedom (""Word to the Wise""). Hades lets Orpheus and Eurydice go on one condition: Orpheus must lead them out single file. If he turns around to confirm that Eurydice is following him, she will return to Hadestown and remain there forever (""His Kiss, the Riot""). Hermes explains the condition to Orpheus and Eurydice, and they begin the long, frightening walk out, as the workers look to them for hope. Persephone and Hades decide to give their own relationship another chance (""Wait for Me"" (reprise)). Just as Orpheus reaches the end, he is overcome by doubt and turns around, condemning Eurydice to return to Hadestown (""Doubt Comes In""). Hermes reflects on the somber tale and why it must be told, as the story resets to the beginning, and the company begins to tell it again (""Road to Hell"" (reprise)). After the curtain call, the performer playing Persephone leads the cast in honoring Orpheus for his optimism and bravery (""We Raise Our Cups"").",https://en.wikipedia.org/wiki/Hadestown:_The_Musical
movie_2b003a950a2930cfbf89,Hungry,2026,"natural horror film, survival film","While vacationing in New Orleans, Sistine—who is coping with her mother's illness and a recent job loss—and her best friend Hannah decide to take a discounted alligator-watching riverboat tour in the Louisiana swamplands. Before setting out, the tourists meet the tour guide, Rodrigo, and his boss, Walker, who briefly mentions historical attempts by international traders to introduce hippopotamuses to the region. Joining Sistine and Hannah on the tour are divorced businesswoman Dionne Edwards, nurse Sally, Sally's retired firefighter father Tim, and Sally's teenage son Mikey. During the trip, Dionne secretly pays Rodrigo a $300 tip to take the boat several miles off the approved route to photograph a massive, famous alligator nicknamed ""Big Ben."" Entering a desolate section of the swamp, the group finds the area strangely devoid of wildlife before discovering Big Ben's savagely mutilated carcass. Suddenly, a massive hippopotamus attacks and overturns the riverboat. Dionne escapes by climbing a nearby tree, while the others scramble atop the capsized hull. Rodrigo is injured by the hippo's tusks. Sistine manages to recover an emergency kit from the water, and Sally treats Rodrigo's wounds, warning the group that the injury is severe and will become fatally infected without hospital care. As night falls, the highly territorial hippo continues to stalk the stranded group. It attacks and kills Tim, followed shortly by Hannah. Meanwhile, Walker realizes Rodrigo's tour is hours late and sets out in a small motorboat to search for them. The remaining survivors devise a plan to ignite a protective ring of gasoline on the water's surface, allowing Sistine to dive under and retrieve the boat's emergency locator beacon. Rodrigo activates the beacon before passing out from his infected wounds. Walker tracks the signal and arrives, but Dionne initiates a fight with Rodrigo and accidentally pushes Mikey into the water, where he’s immediately killed by the hippo. Walker, seeing how his boat wouldn’t stand a chance against the animal, gets himself and the other passengers back into the trees. Despondent over witnessing the deaths of her father and son in quick succession, a catatonic Sally intentionally wades into the dark water and disappears into the dark swamp. The hippo then attacks Walker's boat and bites his foot. Rodrigo, in his final moments, fires a tranquilizer dart at the beast, allowing Walker to swim to the riverbank with a severe leg wound. Sistine convinces Dionne to cooperate, and they use tree branches to disturb the water, drawing the hippo away. Walker fends off the animal with a flare while Sistine secures his boat. Because the boat ran out of gas the moment he arrived, Walker, Sistine, and Dionne row to an abandoned alligator farm to take shelter. They discovered that hippos were farmed here during the 1910s as part of American Hippo Bill to feed the US population with Hippo meat during the meat shortage while using the Hippo to get rid of the invasive species of plant called water hyacinth, and had three generations of descendants. Outside the facility, they discover a baby hippo trapped underneath heavy metal fencing. Then immediately, an adult hippo arrives and kills Walker. Dionne attempts to flee down a ladder but falls and breaks her leg. Sistine lights a fire to kill the adult hippo and climbs down to assist Dionne. Dionne tries to get to the boat, but another hippo arrives and crushes her against the metal cages, killing her. Realizing that this adult hippo is acting out of fierce protection for its offspring rather than territorial dominance, Sistine decides to remain behind to lift the fencing and free the trapped baby hippo. With its calf released, the adult hippo ceases its relentless assault, allowing Sistine to be rescued by a rescue helicopter that spotted the fire. She then sees the hippo and her offspring running around the Louisiana swamp, knowing the danger other people will face.",https://en.wikipedia.org/wiki/Hungry_(film)
movie_0ef1982a75db418b5ac9,In My Father's Room,2026,drama film,"The plot follows the plight of Satomi, an art museum curator, who unspools information about the last days of her father.",https://en.wikipedia.org/wiki/In_My_Father%27s_Room
movie_ddadfafc29d97baf5ece,Kraken,2026,thriller film,"Marine researcher Johanne is sent to investigate a series of unusual incidents at a salmon farming facility located deep within a Norwegian fjord. The area has recently suffered unexplained problems: fish are behaving strangely, underwater equipment has been damaged, and local workers report unusual disturbances coming from the depths. Although many dismiss the incidents as technical faults or natural causes, Johanne suspects there is something unusual occurring beneath the water. While examining the fjord, Johanne learns about old local stories describing a monstrous creature that once inhabited the area — the Kraken. According to legend, the creature was not simply a myth but an ancient predator that lived far below the surface, rarely interacting with humans. The stories suggest the creature was feared by generations of fishermen, who believed it could drag entire ships beneath the waves. The situation escalates when two teenagers disappear after being out near the water. Their deaths cannot be explained by normal marine predators, and the scale of the damage suggests something far larger is responsible. Johanne begins comparing the evidence from the attacks with the strange activity recorded at the salmon farm and starts to believe that the creature from the legends may actually exist. Further investigation reveals that expansion of the fish farming operation and human interference in the fjord may have disturbed the Kraken’s habitat. Noise, construction, and underwater equipment have affected an area of the seabed that had remained untouched for centuries. Rather than being a mindless monster, the creature appears to be reacting aggressively after being forced into contact with humans. As attacks increase, panic spreads through the community. Boats are destroyed, people disappear, and attempts to locate the creature reveal its enormous size and intelligence. The Kraken is shown to be a powerful deep-sea animal capable of hiding in the darkness, attacking without warning, and using its tentacles to overwhelm anything on the surface. Johanne tries to convince officials that conventional responses will not work, but many initially refuse to believe that a legendary creature is responsible. As more evidence emerges, the authorities organise an attempt to track and stop the creature before it reaches more populated waters. The final confrontation occurs in the fjord as Johanne and others attempt to lure the Kraken away and prevent further destruction. They discover that the creature is not acting out of simple aggression but as a defensive response to humans invading its territory. The battle becomes not only a fight for survival but a question of whether humanity has the right to destroy something ancient simply because it has become inconvenient. Johanne places a sonic boom in the water but she is grabbed by the monster and falls out of the boat. When the Kraken pulls her under the water she is face to face with it and sees something in its eyes. When the sonic boom explodes, the Kraken loosens its grip of Johanne. The blast successfully kills the Kraken. Erik, Maria and Henriette paddle to meet Olav who has pulled Johanne from the water and Erik cuddles her crying. One year later, we see Maria in her boat that she has named Johanne placing a rose into the water and thinking about Johanne saying that only 5% of the world's waters have been explored and that it is probably better that way as humans are left with a greater understanding of the hidden world beneath the ocean and the consequences of disrupting environments that humans do not fully understand. The legend of the Kraken is revealed to have been based on truth all along — a creature that had remained hidden for generations until mankind awakened it. As we go under the water again, to an underwater trench, we see an enormous, translucent egg. Inside the glowing membrane is a shadow of a slowly wriggly creature that looks like a smaller version of the Kraken, implying that the Kraken was protecting its offspring all along.",https://en.wikipedia.org/wiki/Kraken_(2026_film)
